base_candidate,candidate,origin,depth,learning_rate,l2_leaf_reg,max_iterations,iterations,training_rows,evaluation_rows,fit_seconds,prediction_seconds,pinball_loss,baseline_pinball_loss,pinball_difference,median_mae,median_bias,coverage_90,mean_width_90,mean_absolute_calibration_error,quantile_crossings,invalid_90_intervals
depth4_lr0p04,depth4_lr0p04_l25_trees250,2009-01-01,4,0.04,5,500,250,17544,744,54.224033417,0.0077045,11.81164308,13.90554752,-2.09390443997,33.4080431798,22.2911524329,0.809139784946,96.4227412901,0.161738351254,18,0
depth4_lr0p04,depth4_lr0p04_l25_trees375,2009-01-01,4,0.04,5,500,375,17544,744,54.224033417,0.00325425,11.7148490161,13.90554752,-2.19069850387,32.5623843465,20.0643426998,0.766129032258,90.0169233208,0.149532964049,274,0
depth4_lr0p04,depth4_lr0p04_l25_trees500,2009-01-01,4,0.04,5,500,500,17544,744,54.224033417,0.003892333,11.8629486377,13.90554752,-2.04259888231,32.7324247994,20.6564232415,0.733870967742,84.1569094234,0.156334853915,790,0
depth4_lr0p04,depth4_lr0p04_l25_trees250,2009-02-01,4,0.04,5,500,250,18288,672,55.763104583,0.004504709,11.5116010709,11.28038276,0.231218310938,33.1107873071,6.98790362697,0.754464285714,89.8524547523,0.0863179413179,0,0
depth4_lr0p04,depth4_lr0p04_l25_trees375,2009-02-01,4,0.04,5,500,375,18288,672,55.763104583,0.00349937499999,11.595611227,11.28038276,0.315228466971,32.9442889218,8.18721432368,0.720238095238,84.527566801,0.0943765031265,15,0
depth4_lr0p04,depth4_lr0p04_l25_trees500,2009-02-01,4,0.04,5,500,500,18288,672,55.763104583,0.003795291,11.5467873868,11.28038276,0.266404626845,32.6274736043,7.41274645511,0.690476190476,82.1576933268,0.0986886724387,38,0
depth4_lr0p04,depth4_lr0p04_l25_trees250,2009-03-01,4,0.04,5,500,250,18960,744,56.562992167,0.00406141599998,10.4853700433,10.38357876,0.101791283313,28.1533241309,16.2692992379,0.748655913978,65.916263219,0.0758737916802,34,0
depth4_lr0p04,depth4_lr0p04_l25_trees375,2009-03-01,4,0.04,5,500,375,18960,744,56.562992167,0.003314875,10.313446797,10.38357876,-0.07013196305,27.4566498057,14.7785719508,0.740591397849,64.1415394316,0.0658450092321,167,0
depth4_lr0p04,depth4_lr0p04_l25_trees500,2009-03-01,4,0.04,5,500,500,18960,744,56.562992167,0.00358154199998,10.2751397434,10.38357876,-0.108439016565,27.1526780128,13.4218904259,0.702956989247,61.0633743318,0.0748397958075,450,0
depth4_lr0p04,depth4_lr0p04_l25_trees250,2009-04-01,4,0.04,5,500,250,19704,720,58.634491917,0.00620645800001,5.57256519619,4.785073425,0.78749177119,15.0653915598,-0.428984788706,0.683333333333,47.9009665163,0.125561167228,483,0
depth4_lr0p04,depth4_lr0p04_l25_trees375,2009-04-01,4,0.04,5,500,375,19704,720,58.634491917,0.00317541699999,5.87362795565,4.785073425,1.08855453065,15.7083193813,-1.49438851843,0.627777777778,44.4908952959,0.13712962963,1509,0
depth4_lr0p04,depth4_lr0p04_l25_trees500,2009-04-01,4,0.04,5,500,500,19704,720,58.634491917,0.00355587500002,5.8259397134,4.785073425,1.0408662884,15.4628629049,-1.46221451818,0.594444444444,41.3301783765,0.141913580247,2240,0
depth4_lr0p04,depth4_lr0p04_l25_trees250,2009-05-01,4,0.04,5,500,250,20424,744,57.808222167,0.00441475000002,4.45916095623,7.013305197,-2.55414424077,12.9576087947,7.93645190146,0.911290322581,47.4946697991,0.0801297925491,272,0
depth4_lr0p04,depth4_lr0p04_l25_trees375,2009-05-01,4,0.04,5,500,375,20424,744,57.808222167,0.00397545800001,4.32858511922,7.013305197,-2.68472007778,12.5720025448,6.54290967611,0.888440860215,44.9667326282,0.0634652981427,369,0
depth4_lr0p04,depth4_lr0p04_l25_trees500,2009-05-01,4,0.04,5,500,500,20424,744,57.808222167,0.004178916,4.32289730527,7.013305197,-2.69040789173,12.5558946204,5.54503380703,0.877688172043,43.320545946,0.0551053546215,492,0
depth4_lr0p04,depth4_lr0p04_l25_trees250,2009-06-01,4,0.04,5,500,250,21168,720,61.152468125,0.00410895800002,6.24026015309,6.703083345,-0.462823191908,17.316658154,-6.50572048016,0.868055555556,68.8571800334,0.0843995510662,0,0
depth4_lr0p04,depth4_lr0p04_l25_trees375,2009-06-01,4,0.04,5,500,375,21168,720,61.152468125,0.00309679200001,6.44033842414,6.703083345,-0.262744920864,17.9238290164,-6.98538517299,0.843055555556,62.380546316,0.0943602693603,95,0
depth4_lr0p04,depth4_lr0p04_l25_trees500,2009-06-01,4,0.04,5,500,500,21168,720,61.152468125,0.00351070799996,6.6473099983,6.703083345,-0.0557733466976,18.4288768822,-7.58968572323,0.809722222222,58.2722606724,0.101941638608,426,0
depth4_lr0p04,depth4_lr0p04_l25_trees250,2009-07-01,4,0.04,5,500,250,21888,744,65.773452084,0.007394917,6.07668459609,5.975841871,0.100842725085,16.9359849273,-6.57166689691,0.858870967742,65.6270508208,0.0833876398393,8,0
depth4_lr0p04,depth4_lr0p04_l25_trees375,2009-07-01,4,0.04,5,500,375,21888,744,65.773452084,0.003655708,6.11363959511,5.975841871,0.137797724107,16.7714418757,-5.72145012097,0.822580645161,60.5227182486,0.0761947431302,179,0
depth4_lr0p04,depth4_lr0p04_l25_trees500,2009-07-01,4,0.04,5,500,500,21888,744,65.773452084,0.00391766600001,6.28789692413,5.975841871,0.312055053129,17.0277489796,-5.24598689209,0.790322580645,57.460294592,0.0745345932443,344,0
depth4_lr0p04,depth4_lr0p04_l25_trees250,2009-08-01,4,0.04,5,500,250,22632,744,65.877985541,0.00401199999999,7.45963101509,7.355061265,0.104569750092,20.5660446928,12.0399971358,0.758064516129,63.883698059,0.170563158466,1,0
depth4_lr0p04,depth4_lr0p04_l25_trees375,2009-08-01,4,0.04,5,500,375,22632,744,65.877985541,0.00314283300003,7.81517707911,7.355061265,0.46011581411,21.1890852255,13.035935383,0.720430107527,57.5477417148,0.186530900402,49,0
depth4_lr0p04,depth4_lr0p04_l25_trees500,2009-08-01,4,0.04,5,500,500,22632,744,65.877985541,0.00367012499999,7.97476657492,7.355061265,0.619705309924,21.5026297136,13.6909410214,0.69623655914,53.3797477388,0.193998044966,126,0
depth4_lr0p04,depth4_lr0p04_l25_trees250,2009-09-01,4,0.04,5,500,250,23376,720,64.881499292,0.005457084,7.10348771757,5.693610333,1.40987738457,20.0930676715,-10.9040952046,0.766666666667,61.4577711754,0.168148148148,14,0
depth4_lr0p04,depth4_lr0p04_l25_trees375,2009-09-01,4,0.04,5,500,375,23376,720,64.881499292,0.00317512499998,7.53479753474,5.693610333,1.84118720174,20.7506344217,-11.2705061224,0.679166666667,56.7956208938,0.178599887767,226,0
depth4_lr0p04,depth4_lr0p04_l25_trees500,2009-09-01,4,0.04,5,500,500,23376,720,64.881499292,0.00351908300001,7.83242915466,5.693610333,2.13881882166,21.183600672,-11.5328248373,0.619444444444,53.0152738749,0.18702020202,447,0
depth4_lr0p04,depth4_lr0p04_l25_trees250,2009-10-01,4,0.04,5,500,250,24096,744,66.197735416,0.00408979099996,4.49960198432,4.414959951,0.0846420333244,12.5768095741,-1.47459528742,0.875,51.8749409665,0.0977517106549,80,0
depth4_lr0p04,depth4_lr0p04_l25_trees375,2009-10-01,4,0.04,5,500,375,24096,744,66.197735416,0.00318266700003,4.55285237279,4.414959951,0.137892421788,12.6598929028,-1.77244513141,0.805107526882,46.1928616718,0.114664928858,750,0
depth4_lr0p04,depth4_lr0p04_l25_trees500,2009-10-01,4,0.04,5,500,500,24096,744,66.197735416,0.00362633400005,4.67537244796,4.414959951,0.260412496962,12.8881947674,-2.36087789097,0.743279569892,43.1717208863,0.136406538503,1155,0
depth4_lr0p04,depth4_lr0p04_l25_trees250,2009-11-01,4,0.04,5,500,250,24840,720,68.343662209,0.00402533299996,7.50680023469,4.959250238,2.54754999669,22.2365458145,-20.1547721321,0.873611111111,86.3775177731,0.262962962963,0,0
depth4_lr0p04,depth4_lr0p04_l25_trees375,2009-11-01,4,0.04,5,500,375,24840,720,68.343662209,0.00310300000001,7.60733475223,4.959250238,2.64808451423,22.624196639,-20.5853802351,0.834722222222,83.1341697973,0.271254208754,0,0
depth4_lr0p04,depth4_lr0p04_l25_trees500,2009-11-01,4,0.04,5,500,500,24840,720,68.343662209,0.00362687500001,7.77318784401,4.959250238,2.81393760601,23.3287162969,-21.475872107,0.818055555556,80.5597848801,0.281018518519,0,0
depth4_lr0p04,depth4_lr0p04_l25_trees250,2009-12-01,4,0.04,5,500,250,25560,744,70.601425167,0.00904366700001,10.8383164738,11.0412067,-0.2028902262,30.8183450784,19.0705464956,0.75,81.4242256152,0.16476919735,9,0
depth4_lr0p04,depth4_lr0p04_l25_trees375,2009-12-01,4,0.04,5,500,375,25560,744,70.601425167,0.00325366599998,11.1552075638,11.0412067,0.114000863793,31.1441406453,20.0137590565,0.712365591398,75.6441773708,0.180085261214,154,0
depth4_lr0p04,depth4_lr0p04_l25_trees500,2009-12-01,4,0.04,5,500,500,25560,744,70.601425167,0.0036502910001,11.2102488538,11.0412067,0.169042153804,30.9398891852,20.0508569992,0.690860215054,70.5640885201,0.186566199631,823,0
depth4_lr0p04,depth4_lr0p04_l25_trees250,2010-01-01,4,0.04,5,500,250,26304,744,73.584662375,0.00538329100004,18.7794275441,21.02048069,-2.24105314586,50.8609495469,26.3764642468,0.602150537634,103.756806745,0.130192788096,67,0
depth4_lr0p04,depth4_lr0p04_l25_trees375,2010-01-01,4,0.04,5,500,375,26304,744,73.584662375,0.00317495800005,19.278064059,21.02048069,-1.74241663095,50.9207769687,25.7447475471,0.555107526882,97.4875071169,0.136110568046,328,0
depth4_lr0p04,depth4_lr0p04_l25_trees500,2010-01-01,4,0.04,5,500,500,26304,744,73.584662375,0.00357225000005,19.8300634981,21.02048069,-1.19041719187,51.5100510812,25.6443766547,0.513440860215,92.6748990775,0.141418485935,661,0
depth4_lr0p04,depth4_lr0p04_l25_trees250,2010-02-01,4,0.04,5,500,250,27048,672,79.226652417,0.00510737499997,9.07229202154,13.85334823,-4.78105620846,25.902503572,18.0081690797,0.808035714286,86.5486305445,0.169823232323,262,0
depth4_lr0p04,depth4_lr0p04_l25_trees375,2010-02-01,4,0.04,5,500,375,27048,672,79.226652417,0.00313291600003,9.39568999491,13.85334823,-4.45765823509,26.7905189218,19.5898812277,0.720238095238,77.2733054334,0.188371813372,1132,0
depth4_lr0p04,depth4_lr0p04_l25_trees500,2010-02-01,4,0.04,5,500,500,27048,672,79.226652417,0.00352662499995,9.89033185925,13.85334823,-3.96301637075,27.4184748558,20.8267327816,0.651785714286,67.7122422028,0.212361712362,3777,0
depth4_lr0p04,depth4_lr0p04_l25_trees250,2010-03-01,4,0.04,5,500,250,27720,744,78.856468625,0.00721333299998,8.82202320488,6.757414947,2.06460825788,23.5795486253,-13.3321201432,0.612903225806,85.1640268325,0.22990659281,213,0
depth4_lr0p04,depth4_lr0p04_l25_trees375,2010-03-01,4,0.04,5,500,375,27720,744,78.856468625,0.003553625,8.81427778465,6.757414947,2.05686283765,23.1031606474,-12.2685071416,0.557795698925,76.1767589038,0.228752579559,1118,0
depth4_lr0p04,depth4_lr0p04_l25_trees500,2010-03-01,4,0.04,5,500,500,27720,744,78.856468625,0.00437683300004,8.85535950864,6.757414947,2.09794456164,23.0838279573,-11.9368405108,0.532258064516,68.5648150202,0.225494189204,2196,0
depth4_lr0p04,depth4_lr0p04_l25_trees250,2010-04-01,4,0.04,5,500,250,28464,720,83.083803167,0.0047178750001,4.14102108393,3.642027459,0.498993624933,10.8733715929,-4.08788691076,0.647222222222,40.9153843352,0.209015151515,590,0
depth4_lr0p04,depth4_lr0p04_l25_trees375,2010-04-01,4,0.04,5,500,375,28464,720,83.083803167,0.00304104199995,4.28502343062,3.642027459,0.642995971615,11.2651838672,-5.05850301146,0.576388888889,37.8304539126,0.225092592593,1123,0
depth4_lr0p04,depth4_lr0p04_l25_trees500,2010-04-01,4,0.04,5,500,500,28464,720,83.083803167,0.00344933300016,4.40855340035,3.642027459,0.766525941352,11.5168820855,-5.31104877303,0.536111111111,34.6198637613,0.23164983165,2030,0
depth4_lr0p04,depth4_lr0p04_l25_trees250,2010-05-01,4,0.04,5,500,250,29184,744,79.844914125,0.00556604199983,5.81652882394,7.10266967,-1.28614084606,15.6412327509,10.0182534627,0.801075268817,42.9253786189,0.0775632670794,80,0
depth4_lr0p04,depth4_lr0p04_l25_trees375,2010-05-01,4,0.04,5,500,375,29184,744,79.844914125,0.00319454200007,5.81654330493,7.10266967,-1.28612636507,15.5513098266,9.75415337374,0.786290322581,40.5615771538,0.0770202020202,259,0
depth4_lr0p04,depth4_lr0p04_l25_trees500,2010-05-01,4,0.04,5,500,500,29184,744,79.844914125,0.00395724999998,5.85260763143,7.10266967,-1.25006203857,15.489047987,9.61050195964,0.752688172043,38.505278927,0.0794080590855,515,0
depth4_lr0p04,depth4_lr0p04_l25_trees250,2010-06-01,4,0.04,5,500,250,29928,720,82.741358292,0.0117652920001,10.1575845851,13.70310638,-3.54552179488,28.2218174069,21.1680080007,0.691666666667,73.1555070398,0.256327160494,0,0
depth4_lr0p04,depth4_lr0p04_l25_trees375,2010-06-01,4,0.04,5,500,375,29928,720,82.741358292,0.00299725000013,11.2296139395,13.70310638,-2.47349244049,29.5596100839,22.2132032039,0.552777777778,63.4025824784,0.27904040404,109,0
depth4_lr0p04,depth4_lr0p04_l25_trees500,2010-06-01,4,0.04,5,500,500,29928,720,82.741358292,0.00348291699993,11.5424203249,13.70310638,-2.1606860551,29.84275873,22.0600588197,0.522222222222,59.6252842584,0.282505611672,325,0
depth4_lr0p04,depth4_lr0p04_l25_trees250,2010-07-01,4,0.04,5,500,250,30648,744,85.950272,0.00421741700006,8.91800424592,10.77537067,-1.85736642408,24.5276269323,4.04408874176,0.727150537634,72.1757366628,0.0834843054198,0,0
depth4_lr0p04,depth4_lr0p04_l25_trees375,2010-07-01,4,0.04,5,500,375,30648,744,85.950272,0.00311895799996,8.80772081953,10.77537067,-1.96764985047,24.0433956558,3.2888958741,0.686827956989,64.0564086704,0.0891251221896,39,0
depth4_lr0p04,depth4_lr0p04_l25_trees500,2010-07-01,4,0.04,5,500,500,30648,744,85.950272,0.00355616699994,9.09681374425,10.77537067,-1.67855692575,24.707164555,4.94656192072,0.653225806452,60.8553693088,0.107450852612,314,0
depth4_lr0p04,depth4_lr0p04_l25_trees250,2010-08-01,4,0.04,5,500,250,31392,744,86.351029833,0.00440120799999,6.02636871009,6.574447448,-0.548078737908,16.3353083227,3.85636772478,0.916666666667,76.0766884142,0.0445601173021,0,0
depth4_lr0p04,depth4_lr0p04_l25_trees375,2010-08-01,4,0.04,5,500,375,31392,744,86.351029833,0.00342583400015,5.96421230987,6.574447448,-0.610235138129,16.1821289976,4.4372674685,0.907258064516,70.7512942835,0.0599831649832,8,0
depth4_lr0p04,depth4_lr0p04_l25_trees500,2010-08-01,4,0.04,5,500,500,31392,744,86.351029833,0.003738333,6.06296100558,6.574447448,-0.511486442423,16.4458250549,6.31221808907,0.876344086022,65.9547373603,0.0913315955251,49,0
depth4_lr0p04,depth4_lr0p04_l25_trees250,2010-09-01,4,0.04,5,500,250,32136,720,88.97313275,0.00420883299989,6.49491216886,7.706400278,-1.21148810914,17.8075651821,5.6508411851,0.795833333333,59.1649940985,0.0526346801347,16,0
depth4_lr0p04,depth4_lr0p04_l25_trees375,2010-09-01,4,0.04,5,500,375,32136,720,88.97313275,0.00314591699998,6.73457962742,7.706400278,-0.971820650577,18.4668806244,4.29176130864,0.708333333333,52.7104772573,0.0598709315376,243,0
depth4_lr0p04,depth4_lr0p04_l25_trees500,2010-09-01,4,0.04,5,500,500,32136,720,88.97313275,0.00369183399994,6.87227740769,7.706400278,-0.834122870313,18.9241140469,4.18856465834,0.672222222222,48.6092023704,0.0745510662177,680,0
depth4_lr0p04,depth4_lr0p04_l25_trees250,2010-10-01,4,0.04,5,500,250,32856,744,89.009366292,0.00543479099997,4.9981810156,3.510557406,1.4876236096,13.9667613566,-9.63196988709,0.813172043011,55.6224620493,0.231142065819,3,0
depth4_lr0p04,depth4_lr0p04_l25_trees375,2010-10-01,4,0.04,5,500,375,32856,744,89.009366292,0.00370933399995,5.39221579364,3.510557406,1.88165838764,14.9541134684,-10.8988552268,0.725806451613,53.1097295781,0.25509123493,18,0
depth4_lr0p04,depth4_lr0p04_l25_trees500,2010-10-01,4,0.04,5,500,500,32856,744,89.009366292,0.00385500000016,5.58102906556,3.510557406,2.07047165956,15.3574889038,-11.2783955554,0.672043010753,49.7404758547,0.262191810579,77,0
depth4_lr0p04,depth4_lr0p04_l25_trees250,2010-11-01,4,0.04,5,500,250,33600,720,92.349683958,0.00510774999998,5.58367472146,5.645941032,-0.0622663105396,15.4955738555,-3.61068749062,0.881944444444,69.8747488053,0.0758698092031,0,0
depth4_lr0p04,depth4_lr0p04_l25_trees375,2010-11-01,4,0.04,5,500,375,33600,720,92.349683958,0.00397808299999,5.66025406963,5.645941032,0.0143130376253,15.8609988823,-3.85791399993,0.85,64.8883675318,0.0774551066218,2,0
depth4_lr0p04,depth4_lr0p04_l25_trees500,2010-11-01,4,0.04,5,500,500,33600,720,92.349683958,0.00392441700001,5.59945732782,5.645941032,-0.0464837041847,15.7564346301,-2.76705588396,0.836111111111,60.1461083512,0.0601992143659,18,0
depth4_lr0p04,depth4_lr0p04_l25_trees250,2010-12-01,4,0.04,5,500,250,34320,744,93.209148167,0.0652787910001,18.7138570538,21.20801128,-2.49415422618,49.5746002793,46.8978903531,0.466397849462,89.9604087342,0.372895622896,5,0
depth4_lr0p04,depth4_lr0p04_l25_trees375,2010-12-01,4,0.04,5,500,375,34320,744,93.209148167,0.00371124999992,19.9785402101,21.20801128,-1.22947106988,51.256243379,48.7411502099,0.39247311828,83.9710896718,0.389879982622,40,0
depth4_lr0p04,depth4_lr0p04_l25_trees500,2010-12-01,4,0.04,5,500,500,34320,744,93.209148167,0.006160292,22.9384894397,21.20801128,1.73047815965,55.8322415165,53.5755832478,0.27688172043,74.8581006491,0.412743021614,1193,0
depth4_lr0p08,depth4_lr0p08_l25_trees125,2009-01-01,4,0.08,5,250,125,17544,744,25.571870458,0.0048018330001,12.0748696585,13.90554752,-1.83067786155,33.9519108566,23.6417427673,0.786290322581,96.8813975973,0.171717171717,180,0
depth4_lr0p08,depth4_lr0p08_l25_trees188,2009-01-01,4,0.08,5,250,188,17544,744,25.571870458,0.00221324999984,11.9772796136,13.90554752,-1.9282679064,33.5197161061,22.6210177139,0.778225806452,94.1525107348,0.163109590529,785,0
depth4_lr0p08,depth4_lr0p08_l25_trees250,2009-01-01,4,0.08,5,250,250,17544,744,25.571870458,0.00296974999992,11.987278252,13.90554752,-1.91826926804,33.1675527937,20.8551395909,0.760752688172,88.4833867074,0.155479526447,1777,0
depth4_lr0p08,depth4_lr0p08_l25_trees125,2009-02-01,4,0.08,5,250,125,18288,672,25.659328458,0.00287966600013,11.3740478759,11.28038276,0.0936651158704,32.9808191237,7.12079011376,0.761904761905,91.4404324408,0.0873118085618,2,0
depth4_lr0p08,depth4_lr0p08_l25_trees188,2009-02-01,4,0.08,5,250,188,18288,672,25.659328458,0.00270783399992,11.6190300245,11.28038276,0.338647264451,33.3764917754,7.71361575994,0.715773809524,87.5918919393,0.0987788600289,32,0
depth4_lr0p08,depth4_lr0p08_l25_trees250,2009-02-01,4,0.08,5,250,250,18288,672,25.659328458,0.00213054100004,11.7791277832,11.28038276,0.498745023161,33.3961541964,9.26476509893,0.702380952381,83.1506284066,0.105725108225,210,0
depth4_lr0p08,depth4_lr0p08_l25_trees125,2009-03-01,4,0.08,5,250,125,18960,744,27.553985542,0.00788575000001,10.6235661925,10.38357876,0.239987432534,28.2888382,13.5675653316,0.756720430108,67.8411914177,0.0520310633214,192,0
depth4_lr0p08,depth4_lr0p08_l25_trees188,2009-03-01,4,0.08,5,250,188,18960,744,27.553985542,0.00204562499994,10.7014247626,10.38357876,0.317846002557,28.3932743623,12.9184179429,0.735215053763,65.9605765111,0.0565515368741,495,0
depth4_lr0p08,depth4_lr0p08_l25_trees250,2009-03-01,4,0.08,5,250,250,18960,744,27.553985542,0.002207,10.4911307864,10.38357876,0.107552026436,27.4088667957,11.5630301301,0.689516129032,61.4468688485,0.0626126859998,1445,0
depth4_lr0p08,depth4_lr0p08_l25_trees125,2009-04-01,4,0.08,5,250,125,19704,720,28.0672605,0.00319291699998,5.45363032182,4.785073425,0.668556896824,14.7202385809,1.22164977683,0.697222222222,45.3463396986,0.103406285073,835,0
depth4_lr0p08,depth4_lr0p08_l25_trees188,2009-04-01,4,0.08,5,250,188,19704,720,28.0672605,0.0027970000001,5.75166472098,4.785073425,0.966591295985,15.347209195,0.571726760774,0.643055555556,41.1054204128,0.113451178451,2335,0
depth4_lr0p08,depth4_lr0p08_l25_trees250,2009-04-01,4,0.08,5,250,250,19704,720,28.0672605,0.00220279199993,5.87100324194,4.785073425,1.08592981694,15.5827242488,0.179757561863,0.602777777778,38.4987775484,0.120580808081,3758,0
depth4_lr0p08,depth4_lr0p08_l25_trees125,2009-05-01,4,0.08,5,250,125,20424,744,28.807311375,0.00407837500006,4.59731957157,7.013305197,-2.41598562543,13.3465952916,9.72743106161,0.92876344086,48.9168435328,0.124594873466,253,0
depth4_lr0p08,depth4_lr0p08_l25_trees188,2009-05-01,4,0.08,5,250,188,20424,744,28.807311375,0.00525854200009,4.50174056262,7.013305197,-2.51156463438,13.0853999539,8.823134279,0.918010752688,47.0252119901,0.111880091235,460,0
depth4_lr0p08,depth4_lr0p08_l25_trees250,2009-05-01,4,0.08,5,250,250,20424,744,28.807311375,0.00227245799988,4.39954028126,7.013305197,-2.61376491574,12.7178155139,7.89677585588,0.907258064516,45.6085751583,0.101604214185,621,0
depth4_lr0p08,depth4_lr0p08_l25_trees125,2009-06-01,4,0.08,5,250,125,21168,720,29.583578292,0.00326237500008,6.39862332072,6.703083345,-0.304460024281,17.7822611617,-8.34851527112,0.85,66.5243155438,0.10686026936,50,0
depth4_lr0p08,depth4_lr0p08_l25_trees188,2009-06-01,4,0.08,5,250,188,21168,720,29.583578292,0.00294766699994,6.58359752697,6.703083345,-0.119485818033,18.3100573641,-8.70271666248,0.822222222222,61.1126206351,0.111837822671,326,0
depth4_lr0p08,depth4_lr0p08_l25_trees250,2009-06-01,4,0.08,5,250,250,21168,720,29.583578292,0.00242150000008,6.70416138748,6.703083345,0.00107804247625,18.5454390813,-8.34839998959,0.809722222222,58.1805776058,0.109231200898,915,0
depth4_lr0p08,depth4_lr0p08_l25_trees125,2009-07-01,4,0.08,5,250,125,21888,744,30.487588833,0.015590167,6.11093087495,5.975841871,0.135089003945,17.2165698577,-7.20072104459,0.866935483871,66.5460811682,0.0901759530792,18,0
depth4_lr0p08,depth4_lr0p08_l25_trees188,2009-07-01,4,0.08,5,250,188,21888,744,30.487588833,0.00207145900004,6.02390895031,5.975841871,0.0480670793097,16.6461809368,-5.55292030219,0.826612903226,60.1540647957,0.0708955142826,364,0
depth4_lr0p08,depth4_lr0p08_l25_trees250,2009-07-01,4,0.08,5,250,250,21888,744,30.487588833,0.00249783300001,5.96613987614,5.975841871,-0.00970199485928,16.3503857523,-5.48497146556,0.788978494624,55.3442919158,0.0749652438362,745,0
depth4_lr0p08,depth4_lr0p08_l25_trees125,2009-08-01,4,0.08,5,250,125,22632,744,31.047098417,0.00320066699987,7.69389716382,7.355061265,0.338835898823,21.3816594877,12.3361557955,0.770161290323,65.4918200735,0.169911480395,0,0
depth4_lr0p08,depth4_lr0p08_l25_trees188,2009-08-01,4,0.08,5,250,188,22632,744,31.047098417,0.00203491599996,8.1110933505,7.355061265,0.756032085495,22.1733510573,13.3105586845,0.712365591398,58.0114834468,0.18495601173,66,0
depth4_lr0p08,depth4_lr0p08_l25_trees250,2009-08-01,4,0.08,5,250,250,22632,744,31.047098417,0.00245175000009,8.26571105176,7.355061265,0.910649786764,22.4024191525,13.8721700787,0.690860215054,53.6732079457,0.192178777017,379,0
depth4_lr0p08,depth4_lr0p08_l25_trees125,2009-09-01,4,0.08,5,250,125,23376,720,32.35528725,0.00405712500014,7.06190568405,5.693610333,1.36829535105,19.9568561155,-12.2151662645,0.783333333333,61.5667784924,0.188069584736,118,0
depth4_lr0p08,depth4_lr0p08_l25_trees188,2009-09-01,4,0.08,5,250,188,23376,720,32.35528725,0.00295645799997,7.49035214168,5.693610333,1.79674180868,20.6187735436,-12.9854771444,0.697222222222,57.4819694944,0.200583613917,416,0
depth4_lr0p08,depth4_lr0p08_l25_trees250,2009-09-01,4,0.08,5,250,250,23376,720,32.35528725,0.00218695800004,7.78022250209,5.693610333,2.08661216909,20.9688637087,-13.0324748279,0.641666666667,54.1164663762,0.204405162738,605,0
depth4_lr0p08,depth4_lr0p08_l25_trees125,2009-10-01,4,0.08,5,250,125,24096,744,32.865334666,0.00295779100043,4.79605531052,4.414959951,0.381095359518,13.5268123726,-3.51817957446,0.889784946237,56.9878700798,0.132630064082,35,0
depth4_lr0p08,depth4_lr0p08_l25_trees188,2009-10-01,4,0.08,5,250,188,24096,744,32.865334666,0.00207837500011,4.8311988395,4.414959951,0.416238888504,13.6080854193,-3.7455103768,0.826612903226,52.1610686582,0.149818073205,348,0
depth4_lr0p08,depth4_lr0p08_l25_trees250,2009-10-01,4,0.08,5,250,250,24096,744,32.865334666,0.00224658300021,4.8207761607,4.414959951,0.405816209697,13.4741865712,-3.59095246264,0.77688172043,48.6834038173,0.155771695449,618,0
depth4_lr0p08,depth4_lr0p08_l25_trees125,2009-11-01,4,0.08,5,250,125,24840,720,34.297587208,0.00593433299991,6.5752540758,4.959250238,1.6160038378,18.980627605,-15.8780031999,0.901388888889,82.1528725729,0.216105499439,0,0
depth4_lr0p08,depth4_lr0p08_l25_trees188,2009-11-01,4,0.08,5,250,188,24840,720,34.297587208,0.00297679200003,6.63752575383,4.959250238,1.67827551583,19.1792350559,-16.13231757,0.881944444444,78.0796953422,0.223877665544,21,0
depth4_lr0p08,depth4_lr0p08_l25_trees250,2009-11-01,4,0.08,5,250,250,24840,720,34.297587208,0.00228620799999,6.64675994413,4.959250238,1.68750970613,19.4510429133,-16.7771495031,0.870833333333,74.7465323324,0.237135241302,35,0
depth4_lr0p08,depth4_lr0p08_l25_trees125,2009-12-01,4,0.08,5,250,125,25560,744,35.154730708,0.00996445800001,10.6149702699,11.0412067,-0.426236430117,29.8809484894,16.8460819389,0.752688172043,81.3285399207,0.144432497013,19,0
depth4_lr0p08,depth4_lr0p08_l25_trees188,2009-12-01,4,0.08,5,250,188,25560,744,35.154730708,0.00214545900008,11.0847702752,11.0412067,0.043563575199,30.7245215868,18.7259104708,0.721774193548,75.3465503727,0.163704246769,271,0
depth4_lr0p08,depth4_lr0p08_l25_trees250,2009-12-01,4,0.08,5,250,250,25560,744,35.154730708,0.00248562500019,11.1925077595,11.0412067,0.151301059497,30.7726648223,18.5267840517,0.689516129032,70.9080069187,0.168340936244,1016,0
depth4_lr0p08,depth4_lr0p08_l25_trees125,2010-01-01,4,0.08,5,250,125,26304,744,35.917196083,0.00769137499992,18.3641846595,21.02048069,-2.65629603049,50.0193746894,18.1380053515,0.591397849462,101.531978138,0.126756272401,124,0
depth4_lr0p08,depth4_lr0p08_l25_trees188,2010-01-01,4,0.08,5,250,188,26304,744,35.917196083,0.00213250000024,19.2034901395,21.02048069,-1.81699055045,51.0002592961,16.8588486413,0.490591397849,92.0958160991,0.141911045943,434,0
depth4_lr0p08,depth4_lr0p08_l25_trees250,2010-01-01,4,0.08,5,250,250,26304,744,35.917196083,0.00234437499967,19.7415004552,21.02048069,-1.27898023477,51.5662452796,17.4406802547,0.454301075269,86.7595174234,0.150719561203,1075,0
depth4_lr0p08,depth4_lr0p08_l25_trees125,2010-02-01,4,0.08,5,250,125,27048,672,37.867517917,0.0134572500001,8.69319546093,13.85334823,-5.16015276907,24.7110220451,15.195591803,0.947916666667,107.825675573,0.119801587302,185,0
depth4_lr0p08,depth4_lr0p08_l25_trees188,2010-02-01,4,0.08,5,250,188,27048,672,37.867517917,0.00282625,8.60809138391,13.85334823,-5.24525684609,24.6190062967,15.9213677858,0.933035714286,103.565661463,0.1200998076,564,0
depth4_lr0p08,depth4_lr0p08_l25_trees250,2010-02-01,4,0.08,5,250,250,27048,672,37.867517917,0.00212450000026,8.54871455494,13.85334823,-5.30463367506,24.3781053177,15.1053077058,0.858630952381,90.8651910101,0.130726911977,1960,0
depth4_lr0p08,depth4_lr0p08_l25_trees125,2010-03-01,4,0.08,5,250,125,27720,744,38.309105042,0.00603700000011,9.29987093125,6.757414947,2.54245598425,24.8861825897,-15.7484645551,0.583333333333,81.7625376926,0.243686868687,335,0
depth4_lr0p08,depth4_lr0p08_l25_trees188,2010-03-01,4,0.08,5,250,188,27720,744,38.309105042,0.00244895900005,9.15444419942,6.757414947,2.39702925242,24.0000631973,-14.3484945941,0.537634408602,72.8518277608,0.241881177365,1962,0
depth4_lr0p08,depth4_lr0p08_l25_trees250,2010-03-01,4,0.08,5,250,250,27720,744,38.309105042,0.00220245799983,9.28335689213,6.757414947,2.52594194513,24.1729568942,-14.5178832799,0.524193548387,68.6529297258,0.243021613989,3181,0
depth4_lr0p08,depth4_lr0p08_l25_trees125,2010-04-01,4,0.08,5,250,125,28464,720,38.910381792,0.00421000000006,3.91073957127,3.642027459,0.268712112267,10.6506461475,-3.71667113027,0.822222222222,44.5926399788,0.171798540965,348,0
depth4_lr0p08,depth4_lr0p08_l25_trees188,2010-04-01,4,0.08,5,250,188,28464,720,38.910381792,0.00293570899976,3.95343130508,3.642027459,0.311403846084,10.7225992314,-3.92889372927,0.783333333333,40.9097770927,0.176523569024,835,0
depth4_lr0p08,depth4_lr0p08_l25_trees250,2010-04-01,4,0.08,5,250,250,28464,720,38.910381792,0.00220495800022,3.99704517323,3.642027459,0.355017714227,10.8332621276,-4.35584320205,0.733333333333,37.7187047367,0.186279461279,1634,0
depth4_lr0p08,depth4_lr0p08_l25_trees125,2010-05-01,4,0.08,5,250,125,29184,744,39.808326166,0.00460154199982,5.86856728806,7.10266967,-1.23410238194,15.8883757704,10.9059179336,0.810483870968,43.9935576797,0.103888345824,347,0
depth4_lr0p08,depth4_lr0p08_l25_trees188,2010-05-01,4,0.08,5,250,188,29184,744,39.808326166,0.00447462500006,5.83136259828,7.10266967,-1.27130707172,15.5247566397,10.6099654673,0.77688172043,39.6792387328,0.117882046269,1344,0
depth4_lr0p08,depth4_lr0p08_l25_trees250,2010-05-01,4,0.08,5,250,250,29184,744,39.808326166,0.00237208299995,5.90517134738,7.10266967,-1.19749832262,15.5375970158,10.5813508928,0.745967741935,37.2857574618,0.11977354187,1988,0
depth4_lr0p08,depth4_lr0p08_l25_trees125,2010-06-01,4,0.08,5,250,125,29928,720,40.20252825,0.00538537500006,10.1070191668,13.70310638,-3.59608721322,28.0105658555,20.5559296626,0.688888888889,71.6752288894,0.251038159371,0,0
depth4_lr0p08,depth4_lr0p08_l25_trees188,2010-06-01,4,0.08,5,250,188,29928,720,40.20252825,0.00293608300035,10.2224354635,13.70310638,-3.48067091655,27.6732674573,19.267485633,0.620833333333,65.8701586066,0.253717732884,85,0
depth4_lr0p08,depth4_lr0p08_l25_trees250,2010-06-01,4,0.08,5,250,250,29928,720,40.20252825,0.00229925000031,10.2484441843,13.70310638,-3.45466219571,27.5834231812,19.1090007476,0.594444444444,63.3946607364,0.256116722783,221,0
depth4_lr0p08,depth4_lr0p08_l25_trees125,2010-07-01,4,0.08,5,250,125,30648,744,41.532013125,0.00550129199974,9.2682683135,10.77537067,-1.5071023565,25.4034888482,5.41939790544,0.688172043011,70.0046872416,0.0925209080048,13,0
depth4_lr0p08,depth4_lr0p08_l25_trees188,2010-07-01,4,0.08,5,250,188,30648,744,41.532013125,0.00209362499982,9.06856089733,10.77537067,-1.70680977267,24.487331182,4.59308551757,0.631720430108,61.9717538594,0.0945601173021,192,0
depth4_lr0p08,depth4_lr0p08_l25_trees250,2010-07-01,4,0.08,5,250,250,30648,744,41.532013125,0.00223333300028,9.2023412542,10.77537067,-1.5730294158,24.69054309,3.87844910024,0.592741935484,58.2588973253,0.105448571739,429,0
depth4_lr0p08,depth4_lr0p08_l25_trees125,2010-08-01,4,0.08,5,250,125,31392,744,42.87492575,0.00432620799984,5.7775820207,6.574447448,-0.796865427301,15.6802873982,2.55390606115,0.918010752688,75.227939816,0.0265678288259,0,0
depth4_lr0p08,depth4_lr0p08_l25_trees188,2010-08-01,4,0.08,5,250,188,31392,744,42.87492575,0.00208429200029,5.75079842833,6.574447448,-0.823649019672,15.7628767374,3.95354015779,0.888440860215,69.1334725017,0.0429835994352,36,0
depth4_lr0p08,depth4_lr0p08_l25_trees250,2010-08-01,4,0.08,5,250,250,31392,744,42.87492575,0.00246587499987,5.69560389299,6.574447448,-0.878843555006,15.7072377717,4.41122806302,0.860215053763,63.8346128181,0.052560008689,582,0
depth4_lr0p08,depth4_lr0p08_l25_trees125,2010-09-01,4,0.08,5,250,125,32136,720,44.310166917,0.00560070799975,6.44588756714,7.706400278,-1.26051271086,17.8209984771,5.0276700044,0.802777777778,59.0693383568,0.0505555555556,257,0
depth4_lr0p08,depth4_lr0p08_l25_trees188,2010-09-01,4,0.08,5,250,188,32136,720,44.310166917,0.00321291699993,6.71274425155,7.706400278,-0.993656026452,18.3071147585,4.2614723046,0.734722222222,53.0182055103,0.0670875420875,1057,0
depth4_lr0p08,depth4_lr0p08_l25_trees250,2010-09-01,4,0.08,5,250,250,32136,720,44.310166917,0.00217624999959,6.74256028807,7.706400278,-0.963839989925,18.3993034652,4.01519666376,0.698611111111,49.6957029002,0.0763973063973,1668,0
depth4_lr0p08,depth4_lr0p08_l25_trees125,2010-10-01,4,0.08,5,250,125,32856,744,44.6163715,0.00387341700025,5.41126576476,3.510557406,1.90070835876,15.2946652432,-11.5694334913,0.745967741935,52.07143759,0.259666558054,69,0
depth4_lr0p08,depth4_lr0p08_l25_trees188,2010-10-01,4,0.08,5,250,188,32856,744,44.6163715,0.00215658300021,5.50888254731,3.510557406,1.99832514131,15.3551590876,-11.6398985062,0.672043010753,47.6261521685,0.273799826219,370,0
depth4_lr0p08,depth4_lr0p08_l25_trees250,2010-10-01,4,0.08,5,250,250,32856,744,44.6163715,0.00223095800038,5.57188122981,3.510557406,2.06132382381,15.3537174892,-11.5106229482,0.625,44.8902171021,0.278008580428,836,0
depth4_lr0p08,depth4_lr0p08_l25_trees125,2010-11-01,4,0.08,5,250,125,33600,720,45.916271709,0.00458858299999,5.47512758525,5.645941032,-0.17081344675,15.2271517844,-0.982196884939,0.888888888889,68.5803118385,0.036069023569,1,0
depth4_lr0p08,depth4_lr0p08_l25_trees188,2010-11-01,4,0.08,5,250,188,33600,720,45.916271709,0.0039537079997,5.51898018326,5.645941032,-0.126960848736,15.4923491111,-1.18685592321,0.866666666667,64.9250018667,0.0383838383838,53,0
depth4_lr0p08,depth4_lr0p08_l25_trees250,2010-11-01,4,0.08,5,250,250,33600,720,45.916271709,0.00297683300005,5.62253260216,5.645941032,-0.0234084298394,15.8409128116,-1.78277638646,0.8375,61.5630148029,0.0447109988777,162,0
depth4_lr0p08,depth4_lr0p08_l25_trees125,2010-12-01,4,0.08,5,250,125,34320,744,47.033981375,0.0111449589999,19.4883321964,21.20801128,-1.71967908357,51.6701972621,49.2174177332,0.434139784946,89.720123278,0.379290213968,3,0
depth4_lr0p08,depth4_lr0p08_l25_trees188,2010-12-01,4,0.08,5,250,188,34320,744,47.033981375,0.00193637499979,21.4835658849,21.20801128,0.275554604866,54.4766902716,52.3581497457,0.315860215054,79.9580233115,0.406037797328,237,0
depth4_lr0p08,depth4_lr0p08_l25_trees250,2010-12-01,4,0.08,5,250,250,34320,744,47.033981375,0.00217395900017,22.9425877002,21.20801128,1.73457642015,56.4132317812,54.3102402594,0.263440860215,74.3779675721,0.415052677311,1244,0
depth6_lr0p04,depth6_lr0p04_l25_trees250,2009-01-01,6,0.04,5,500,250,17544,744,78.314045166,0.00699391700027,12.5554087509,13.90554752,-1.35013876912,34.2140575094,23.9601776258,0.697580645161,80.9160999543,0.194607363962,567,0
depth6_lr0p04,depth6_lr0p04_l25_trees375,2009-01-01,6,0.04,5,500,375,17544,744,78.314045166,0.00399566599981,12.8392672238,13.90554752,-1.06628029617,33.6455918424,22.6873272884,0.58064516129,68.7486091152,0.196225697839,3730,0
depth6_lr0p04,depth6_lr0p04_l25_trees500,2009-01-01,6,0.04,5,500,500,17544,744,78.314045166,0.0042922079997,13.0710589746,13.90554752,-0.834488545445,33.2169688993,22.0232396999,0.509408602151,61.3947478851,0.199678505485,6680,0
depth6_lr0p04,depth6_lr0p04_l25_trees250,2009-02-01,6,0.04,5,500,250,18288,672,80.481595541,0.00490058399964,11.8348470829,11.28038276,0.554464322948,33.2055569965,11.4357791056,0.688988095238,80.2151420813,0.104398148148,147,0
depth6_lr0p04,depth6_lr0p04_l25_trees375,2009-02-01,6,0.04,5,500,375,18288,672,80.481595541,0.00376470799984,12.1532877566,11.28038276,0.872904996552,33.1266947469,11.722117008,0.605654761905,71.7305981997,0.119252044252,725,0
depth6_lr0p04,depth6_lr0p04_l25_trees500,2009-02-01,6,0.04,5,500,500,18288,672,80.481595541,0.00372341600041,12.2856676798,11.28038276,1.00528491979,32.9329275367,11.0077591443,0.5625,67.494965046,0.126617364117,1246,0
depth6_lr0p04,depth6_lr0p04_l25_trees250,2009-03-01,6,0.04,5,500,250,18960,744,83.6099935,0.00421187499978,10.2724806473,10.38357876,-0.111098112691,26.8997796063,14.9810037699,0.672043010753,58.3733371336,0.0814163136744,800,0
depth6_lr0p04,depth6_lr0p04_l25_trees375,2009-03-01,6,0.04,5,500,375,18960,744,83.6099935,0.00397479200001,10.3316139049,10.38357876,-0.0519648550539,26.7038187556,14.7228126487,0.643817204301,54.4159301123,0.0871543390898,1620,0
depth6_lr0p04,depth6_lr0p04_l25_trees500,2009-03-01,6,0.04,5,500,500,18960,744,83.6099935,0.00389333300018,10.3093233288,10.38357876,-0.0742554312029,26.3486115549,13.8122284227,0.603494623656,50.5817191657,0.0937998262192,2783,0
depth6_lr0p04,depth6_lr0p04_l25_trees250,2009-04-01,6,0.04,5,500,250,19704,720,92.122101291,0.00910691599999,5.90097919181,4.785073425,1.11590576681,15.3059750313,-1.09325218564,0.5,35.6916640417,0.161980920314,2908,0
depth6_lr0p04,depth6_lr0p04_l25_trees375,2009-04-01,6,0.04,5,500,375,19704,720,92.122101291,0.00326250000001,5.95588263741,4.785073425,1.17080921241,15.0431995786,-1.33339665396,0.423611111111,31.1709557117,0.17480359147,5523,1
depth6_lr0p04,depth6_lr0p04_l25_trees500,2009-04-01,6,0.04,5,500,500,19704,720,92.122101291,0.004011375,6.14843368079,4.785073425,1.36336025579,15.2244374527,-1.3477017785,0.3875,28.0398146233,0.175448933782,8937,11
depth6_lr0p04,depth6_lr0p04_l25_trees250,2009-05-01,6,0.04,5,500,250,20424,744,87.4204325,0.00411145800001,5.26002961035,7.013305197,-1.75327558665,14.8098565971,11.6886397405,0.801075268817,35.9211067007,0.173633105246,1649,0
depth6_lr0p04,depth6_lr0p04_l25_trees375,2009-05-01,6,0.04,5,500,375,20424,744,87.4204325,0.00326720800001,5.20025263082,7.013305197,-1.81305256618,14.5059796032,10.835545213,0.766129032258,33.2437181944,0.164782230911,3089,0
depth6_lr0p04,depth6_lr0p04_l25_trees500,2009-05-01,6,0.04,5,500,500,20424,744,87.4204325,0.00377120899998,5.25551774508,7.013305197,-1.75778745192,14.4581830817,9.9956845321,0.716397849462,30.9460545205,0.155131421744,5205,0
depth6_lr0p04,depth6_lr0p04_l25_trees250,2009-06-01,6,0.04,5,500,250,21168,720,88.796227,0.00400033300002,6.32870864273,6.703083345,-0.374374702268,17.4898215429,-4.49283456736,0.786111111111,54.5359578508,0.0596464646465,1169,0
depth6_lr0p04,depth6_lr0p04_l25_trees375,2009-06-01,6,0.04,5,500,375,21168,720,88.796227,0.00332774999998,6.61787075335,6.703083345,-0.0852125916529,17.8800337774,-4.7254359041,0.708333333333,47.7783458218,0.081593714927,3177,0
depth6_lr0p04,depth6_lr0p04_l25_trees500,2009-06-01,6,0.04,5,500,500,21168,720,88.796227,0.00375729200005,6.78542404274,6.703083345,0.0823406977416,18.0677505666,-4.91100423573,0.644444444444,42.5132414183,0.100934343434,6165,0
depth6_lr0p04,depth6_lr0p04_l25_trees250,2009-07-01,6,0.04,5,500,250,21888,744,93.147315167,0.00420441699998,6.05144938675,5.975841871,0.0756075157517,16.5477950066,-4.51006893686,0.770161290323,55.2205906359,0.0662240686434,322,0
depth6_lr0p04,depth6_lr0p04_l25_trees375,2009-07-01,6,0.04,5,500,375,21888,744,93.147315167,0.00474925000003,6.38328366848,5.975841871,0.407441797476,16.9353508348,-4.40076311428,0.685483870968,47.6593313416,0.0833333333333,1665,0
depth6_lr0p04,depth6_lr0p04_l25_trees500,2009-07-01,6,0.04,5,500,500,21888,744,93.147315167,0.00427320900002,6.50188853902,5.975841871,0.52604666802,16.8128411181,-4.69404972812,0.614247311828,42.2235117024,0.100992722928,3782,0
depth6_lr0p04,depth6_lr0p04_l25_trees250,2009-08-01,6,0.04,5,500,250,22632,744,94.575197792,0.00660483299998,7.91992932734,7.355061265,0.56486806234,20.9622086006,12.162778783,0.672043010753,51.9195301736,0.186344086022,327,0
depth6_lr0p04,depth6_lr0p04_l25_trees375,2009-08-01,6,0.04,5,500,375,22632,744,94.575197792,0.00625158299999,8.36700751885,7.355061265,1.01194625385,21.527825374,13.2849296876,0.59811827957,43.8490761958,0.204319539481,1476,0
depth6_lr0p04,depth6_lr0p04_l25_trees500,2009-08-01,6,0.04,5,500,500,22632,744,94.575197792,0.016767167,8.61434430361,7.355061265,1.25928303861,21.6479221023,13.796586806,0.536290322581,38.9973630178,0.214719235364,3218,0
depth6_lr0p04,depth6_lr0p04_l25_trees250,2009-09-01,6,0.04,5,500,250,23376,720,97.052710416,0.00453666700002,7.6439630337,5.693610333,1.9503527007,21.0358330737,-12.0062621867,0.663888888889,53.0666684583,0.197727272727,102,0
depth6_lr0p04,depth6_lr0p04_l25_trees375,2009-09-01,6,0.04,5,500,375,23376,720,97.052710416,0.003708125,8.16838264394,5.693610333,2.47477231094,21.6571194183,-12.5121854383,0.559722222222,46.7099497748,0.207547699214,633,0
depth6_lr0p04,depth6_lr0p04_l25_trees500,2009-09-01,6,0.04,5,500,500,23376,720,97.052710416,0.00374633299998,8.48362498847,5.693610333,2.79001465547,21.994841363,-12.9577262209,0.498611111111,42.5339686855,0.213914141414,1577,0
depth6_lr0p04,depth6_lr0p04_l25_trees250,2009-10-01,6,0.04,5,500,250,24096,744,99.259680542,0.00600754200002,4.94224992893,4.414959951,0.52728997793,13.8217536236,-3.71503376742,0.764784946237,47.1379975698,0.147817964592,504,0
depth6_lr0p04,depth6_lr0p04_l25_trees375,2009-10-01,6,0.04,5,500,375,24096,744,99.259680542,0.00382833399999,5.04070349564,4.414959951,0.62574354464,14.0160362994,-4.91373387671,0.711021505376,42.4074117662,0.180387205387,1162,0
depth6_lr0p04,depth6_lr0p04_l25_trees500,2009-10-01,6,0.04,5,500,500,24096,744,99.259680542,0.004338416,5.20383163728,4.414959951,0.788871686284,14.3850154357,-5.62782908944,0.650537634409,39.2461164325,0.200426306071,1906,0
depth6_lr0p04,depth6_lr0p04_l25_trees250,2009-11-01,6,0.04,5,500,250,24840,720,101.798313666,0.00472887499996,6.50483035663,4.959250238,1.54558011863,18.7165516463,-15.0210170592,0.863888888889,72.9143524545,0.222755331089,0,0
depth6_lr0p04,depth6_lr0p04_l25_trees375,2009-11-01,6,0.04,5,500,375,24840,720,101.798313666,0.00373508299992,6.62695084194,4.959250238,1.66770060394,19.2178901318,-15.3513638702,0.820833333333,67.4929915004,0.23063973064,21,0
depth6_lr0p04,depth6_lr0p04_l25_trees500,2009-11-01,6,0.04,5,500,500,24840,720,101.798313666,0.003799792,6.63413200296,4.959250238,1.67488176496,19.0797941693,-14.9995217398,0.786111111111,63.7528936219,0.231748035915,63,0
depth6_lr0p04,depth6_lr0p04_l25_trees250,2009-12-01,6,0.04,5,500,250,25560,744,105.666671958,0.004158125,11.0592244698,11.0412067,0.0180177698041,30.5785433199,17.1943917678,0.670698924731,68.3744322677,0.165887368307,661,0
depth6_lr0p04,depth6_lr0p04_l25_trees375,2009-12-01,6,0.04,5,500,375,25560,744,105.666671958,0.00386879200005,11.3157602626,11.0412067,0.274553562604,30.6295497874,16.7875703388,0.606182795699,60.5603823981,0.174295644618,2829,0
depth6_lr0p04,depth6_lr0p04_l25_trees500,2009-12-01,6,0.04,5,500,500,25560,744,105.666671958,0.00430362500003,11.6361952524,11.0412067,0.594988552404,30.8959815334,16.6001892113,0.565860215054,56.0751919279,0.18032203758,4322,1
depth6_lr0p04,depth6_lr0p04_l25_trees250,2010-01-01,6,0.04,5,500,250,26304,744,107.888555166,0.00418724999997,20.5364152842,21.02048069,-0.48406540578,54.2697066283,32.9925292852,0.514784946237,93.4700022237,0.15550559357,684,0
depth6_lr0p04,depth6_lr0p04_l25_trees375,2010-01-01,6,0.04,5,500,375,26304,744,107.888555166,0.00389095799994,21.4615248907,21.02048069,0.441044200733,55.1179516003,33.7965163514,0.466397849462,85.4738661418,0.161082871728,2197,0
depth6_lr0p04,depth6_lr0p04_l25_trees500,2010-01-01,6,0.04,5,500,500,26304,744,107.888555166,0.00386579100007,22.4207597076,21.02048069,1.40027901762,56.135542275,35.5066903345,0.415322580645,75.8926946459,0.172650157489,3967,0
depth6_lr0p04,depth6_lr0p04_l25_trees250,2010-02-01,6,0.04,5,500,250,27048,672,109.64853925,0.00461362500005,11.6409808538,13.85334823,-2.21236737623,32.3667382436,27.065474562,0.71130952381,84.333626535,0.243566618567,636,0
depth6_lr0p04,depth6_lr0p04_l25_trees375,2010-02-01,6,0.04,5,500,375,27048,672,109.64853925,0.00537491700015,12.1630595306,13.85334823,-1.69028869939,32.110206737,26.4560689757,0.563988095238,70.671549006,0.254923641174,2918,0
depth6_lr0p04,depth6_lr0p04_l25_trees500,2010-02-01,6,0.04,5,500,500,27048,672,109.64853925,0.00380258399991,12.6892144371,13.85334823,-1.16413379286,32.1395103847,26.3253350459,0.486607142857,61.1344717522,0.266572871573,5856,0
depth6_lr0p04,depth6_lr0p04_l25_trees250,2010-03-01,6,0.04,5,500,250,27720,744,112.347053333,0.00714791599989,8.03598195897,6.757414947,1.27856701197,20.8950632448,-10.0401579415,0.59811827957,69.3438375367,0.205088519605,2676,0
depth6_lr0p04,depth6_lr0p04_l25_trees375,2010-03-01,6,0.04,5,500,375,27720,744,112.347053333,0.00404170800016,7.95934519779,6.757414947,1.20193025079,20.5356588479,-9.20268865962,0.551075268817,59.9029030216,0.202866840447,5260,0
depth6_lr0p04,depth6_lr0p04_l25_trees500,2010-03-01,6,0.04,5,500,500,27720,744,112.347053333,0.00388350000003,8.14227721823,6.757414947,1.38486227123,20.5715780589,-9.72353391047,0.505376344086,54.6381241954,0.210149885956,7303,0
depth6_lr0p04,depth6_lr0p04_l25_trees250,2010-04-01,6,0.04,5,500,250,28464,720,118.36325075,0.004236709,4.06816160301,3.642027459,0.426134144012,10.9027974897,-4.05175598189,0.622222222222,37.8544054514,0.204427609428,414,0
depth6_lr0p04,depth6_lr0p04_l25_trees375,2010-04-01,6,0.04,5,500,375,28464,720,118.36325075,0.00512387499998,4.32576192742,3.642027459,0.683734468416,11.3977766548,-4.84668819764,0.545833333333,33.2102044932,0.221296296296,1736,0
depth6_lr0p04,depth6_lr0p04_l25_trees500,2010-04-01,6,0.04,5,500,500,28464,720,118.36325075,0.00395416600009,4.52415987357,3.642027459,0.882132414571,11.8719311429,-5.40796621401,0.511111111111,30.7661018964,0.230970819304,3374,0
depth6_lr0p04,depth6_lr0p04_l25_trees250,2010-05-01,6,0.04,5,500,250,29184,744,119.978312792,0.00589712500005,5.54910250698,7.10266967,-1.55356716302,14.6788290674,6.99411238853,0.740591397849,39.0293363304,0.0514119691539,712,0
depth6_lr0p04,depth6_lr0p04_l25_trees375,2010-05-01,6,0.04,5,500,375,29184,744,119.978312792,0.00393470799986,5.6675614083,7.10266967,-1.4351082617,14.6301381232,7.04300786228,0.697580645161,34.9112444696,0.0642456826328,1600,0
depth6_lr0p04,depth6_lr0p04_l25_trees500,2010-05-01,6,0.04,5,500,500,29184,744,119.978312792,0.00392149999993,5.73272220049,7.10266967,-1.36994746951,14.6580812328,7.28618140826,0.680107526882,32.5732807121,0.0722053872054,2472,0
depth6_lr0p04,depth6_lr0p04_l25_trees250,2010-06-01,6,0.04,5,500,250,29928,720,120.947707458,0.00617224999996,11.0079516972,13.70310638,-2.69515468277,29.7013582645,23.2704259755,0.547222222222,62.8275436738,0.289828843996,38,0
depth6_lr0p04,depth6_lr0p04_l25_trees375,2010-06-01,6,0.04,5,500,375,29928,720,120.947707458,0.00397120799994,11.4325793379,13.70310638,-2.27052704209,30.1597319834,23.4467166701,0.506944444444,57.8451526709,0.294402356902,350,0
depth6_lr0p04,depth6_lr0p04_l25_trees500,2010-06-01,6,0.04,5,500,500,29928,720,120.947707458,0.00389979100009,11.8581850163,13.70310638,-1.84492136365,30.6647751214,23.9280622282,0.459722222222,53.8406680451,0.302716049383,797,0
depth6_lr0p04,depth6_lr0p04_l25_trees250,2010-07-01,6,0.04,5,500,250,30648,744,123.417011375,0.004902958,9.47265311431,10.77537067,-1.30271755569,25.9874455097,7.18465456218,0.604838709677,60.1376114516,0.116921907244,711,0
depth6_lr0p04,depth6_lr0p04_l25_trees375,2010-07-01,6,0.04,5,500,375,30648,744,123.417011375,0.00435816599997,9.95762612577,10.77537067,-0.817744544226,26.5263419205,7.53637572645,0.524193548387,51.9948591256,0.134323340936,2713,0
depth6_lr0p04,depth6_lr0p04_l25_trees500,2010-07-01,6,0.04,5,500,500,30648,744,123.417011375,0.00391262499988,10.4052596942,10.77537067,-0.370110975779,26.7131746713,7.1713006159,0.448924731183,43.8985995201,0.149105571848,6765,0
depth6_lr0p04,depth6_lr0p04_l25_trees250,2010-08-01,6,0.04,5,500,250,31392,744,126.575604333,0.00429870899984,6.07703844048,6.574447448,-0.49740900752,16.3501036585,0.737288062479,0.862903225806,65.3006380911,0.0165249266862,75,0
depth6_lr0p04,depth6_lr0p04_l25_trees375,2010-08-01,6,0.04,5,500,375,31392,744,126.575604333,0.006546458,6.05228974768,6.574447448,-0.522157700322,16.1012589826,1.31067578596,0.807795698925,58.9259789487,0.0271038340393,487,0
depth6_lr0p04,depth6_lr0p04_l25_trees500,2010-08-01,6,0.04,5,500,500,31392,744,126.575604333,0.00388558399982,6.24102176457,6.574447448,-0.333425683428,16.3825822699,2.69487127499,0.744623655914,52.2007868976,0.0503910068426,1919,0
depth6_lr0p04,depth6_lr0p04_l25_trees250,2010-09-01,6,0.04,5,500,250,32136,720,127.96892625,0.00449066600004,6.67454056408,7.706400278,-1.03185971392,17.8659105543,1.76568195773,0.590277777778,42.5067893849,0.104264870932,3189,0
depth6_lr0p04,depth6_lr0p04_l25_trees375,2010-09-01,6,0.04,5,500,375,32136,720,127.96892625,0.00375391700004,7.00613814831,7.706400278,-0.700262129688,18.1519597355,1.33868113913,0.475,33.6622686603,0.139702581369,7292,0
depth6_lr0p04,depth6_lr0p04_l25_trees500,2010-09-01,6,0.04,5,500,500,32136,720,127.96892625,0.00373375000004,7.32333109531,7.706400278,-0.383069182685,18.0912612413,1.1901694965,0.375,26.9408005652,0.162485970819,13784,0
depth6_lr0p04,depth6_lr0p04_l25_trees250,2010-10-01,6,0.04,5,500,250,32856,744,130.701891084,0.00544908399979,4.95701580948,3.510557406,1.44645840348,13.3521932671,-8.29568085924,0.69623655914,46.3954986525,0.228779732812,51,0
depth6_lr0p04,depth6_lr0p04_l25_trees375,2010-10-01,6,0.04,5,500,375,32856,744,130.701891084,0.00446675000012,5.22127986206,3.510557406,1.71072245606,13.9394274372,-8.87259710939,0.614247311828,42.4550121616,0.239790376887,505,0
depth6_lr0p04,depth6_lr0p04_l25_trees500,2010-10-01,6,0.04,5,500,500,32856,744,130.701891084,0.00373808299992,5.46808789599,3.510557406,1.95753048999,14.426962471,-9.61075786664,0.551075268817,39.6531477644,0.25669490605,1121,0
depth6_lr0p04,depth6_lr0p04_l25_trees250,2010-11-01,6,0.04,5,500,250,33600,720,134.781606,0.00667612500001,5.77196103774,5.645941032,0.126020005743,15.8861836166,-4.92359985103,0.784722222222,58.5276744957,0.112682379349,58,0
depth6_lr0p04,depth6_lr0p04_l25_trees375,2010-11-01,6,0.04,5,500,375,33600,720,134.781606,0.00374425000018,5.76399680113,5.645941032,0.118055769133,15.8133844036,-4.68604998414,0.766666666667,53.6016410878,0.111560044893,329,0
depth6_lr0p04,depth6_lr0p04_l25_trees500,2010-11-01,6,0.04,5,500,500,33600,720,134.781606,0.00407287500002,5.7546440173,5.645941032,0.108702985299,15.7317029626,-4.29379420278,0.741666666667,50.5474221726,0.108964646465,717,0
depth6_lr0p04,depth6_lr0p04_l25_trees250,2010-12-01,6,0.04,5,500,250,34320,744,135.452371708,0.0040308749999,19.7010150372,21.20801128,-1.50699624284,49.3945356916,46.4785387937,0.353494623656,76.5831480674,0.385591397849,177,0
depth6_lr0p04,depth6_lr0p04_l25_trees375,2010-12-01,6,0.04,5,500,375,34320,744,135.452371708,0.00431320799999,22.0303901481,21.20801128,0.822378868105,51.950926213,48.9893041329,0.251344086022,64.3666969323,0.406000325839,2301,0
depth6_lr0p04,depth6_lr0p04_l25_trees500,2010-12-01,6,0.04,5,500,500,34320,744,135.452371708,0.00381337499994,22.9659513086,21.20801128,1.75794002858,52.856359843,49.9494360229,0.212365591398,59.5487901371,0.410901487998,3928,0
depth6_lr0p08,depth6_lr0p08_l25_trees125,2009-01-01,6,0.08,5,250,125,17544,744,38.242859833,0.00716216699993,11.6254417151,13.90554752,-2.28010580491,32.6031049639,21.2999967837,0.784946236559,88.7501705135,0.161711198002,1172,0
depth6_lr0p08,depth6_lr0p08_l25_trees188,2009-01-01,6,0.08,5,250,188,17544,744,38.242859833,0.00277250000045,11.5783182774,13.90554752,-2.3272292426,31.7574291643,18.9787254954,0.694892473118,75.7787695503,0.156045943304,4473,0
depth6_lr0p08,depth6_lr0p08_l25_trees250,2009-01-01,6,0.08,5,250,250,17544,744,38.242859833,0.00252724999973,11.7174814071,13.90554752,-2.18806611287,31.4815532437,18.9483611451,0.622311827957,68.0886226124,0.164179428696,7442,0
depth6_lr0p08,depth6_lr0p08_l25_trees125,2009-02-01,6,0.08,5,250,125,18288,672,40.084729625,0.00430933299958,12.3307315866,11.28038276,1.05034882663,33.2028970822,11.676264121,0.60119047619,69.2982831123,0.115641534392,1858,0
depth6_lr0p08,depth6_lr0p08_l25_trees188,2009-02-01,6,0.08,5,250,188,18288,672,40.084729625,0.00345958300022,12.826242201,11.28038276,1.54585944105,32.7975472184,10.2634228991,0.482142857143,58.9048405698,0.12741041366,5972,0
depth6_lr0p08,depth6_lr0p08_l25_trees250,2009-02-01,6,0.08,5,250,250,18288,672,40.084729625,0.00253616600003,13.1282065661,11.28038276,1.84782380612,32.8989618452,9.44869719295,0.447916666667,54.2967356774,0.13469035594,8074,0
depth6_lr0p08,depth6_lr0p08_l25_trees125,2009-03-01,6,0.08,5,250,125,18960,744,41.039868292,0.0047777499999,10.8440082199,10.38357876,0.460429459936,28.9330100737,18.4598862282,0.64247311828,54.2595873098,0.0999663299663,3925,0
depth6_lr0p08,depth6_lr0p08_l25_trees188,2009-03-01,6,0.08,5,250,188,18960,744,41.039868292,0.00232908399994,10.9472440626,10.38357876,0.563665302618,28.8176337685,18.4174023901,0.600806451613,50.4696909831,0.11362278701,6449,0
depth6_lr0p08,depth6_lr0p08_l25_trees250,2009-03-01,6,0.08,5,250,250,18960,744,41.039868292,0.00247345900016,11.0167516387,10.38357876,0.633172878669,28.6241907647,17.5641920857,0.518817204301,44.6544644846,0.128632019116,9825,0
depth6_lr0p08,depth6_lr0p08_l25_trees125,2009-04-01,6,0.08,5,250,125,19704,720,41.814082667,0.003270875,5.58489060545,4.785073425,0.79981718045,14.8830804692,1.82045711851,0.556944444444,32.7471226258,0.127744107744,10902,0
depth6_lr0p08,depth6_lr0p08_l25_trees188,2009-04-01,6,0.08,5,250,188,19704,720,41.814082667,0.00326295800005,6.18036647175,4.785073425,1.39529304675,16.041135016,0.488386933562,0.427777777778,27.1975360951,0.155990460157,16592,17
depth6_lr0p08,depth6_lr0p08_l25_trees250,2009-04-01,6,0.08,5,250,250,19704,720,41.814082667,0.00225958299961,6.39409482087,4.785073425,1.60902139587,16.2608120279,-0.384950993945,0.361111111111,24.663663565,0.174054433221,20302,31
depth6_lr0p08,depth6_lr0p08_l25_trees125,2009-05-01,6,0.08,5,250,125,20424,744,43.3381475,0.00402904100019,4.69647869672,7.013305197,-2.31682650028,13.2055152881,4.34277419666,0.752688172043,40.3877732584,0.070495275334,4069,0
depth6_lr0p08,depth6_lr0p08_l25_trees188,2009-05-01,6,0.08,5,250,188,20424,744,43.3381475,0.00316437500032,4.73872362448,7.013305197,-2.27458157252,13.17519452,3.44042079027,0.720430107527,38.1768960387,0.0787650700554,5420,0
depth6_lr0p08,depth6_lr0p08_l25_trees250,2009-05-01,6,0.08,5,250,250,20424,744,43.3381475,0.00245695900003,4.76623114954,7.013305197,-2.24707404746,13.163339275,3.15568694387,0.684139784946,35.1476465867,0.0889611165418,7881,0
depth6_lr0p08,depth6_lr0p08_l25_trees125,2009-06-01,6,0.08,5,250,125,21168,720,44.44880725,0.005261625,6.47798368062,6.703083345,-0.225099664383,18.0519487387,-7.31154778571,0.798611111111,56.3822995172,0.101666666667,1138,0
depth6_lr0p08,depth6_lr0p08_l25_trees188,2009-06-01,6,0.08,5,250,188,21168,720,44.44880725,0.00353837500006,6.61200376971,6.703083345,-0.0910795752856,18.1851683459,-7.72754252082,0.747222222222,50.4530121633,0.113294051627,3065,0
depth6_lr0p08,depth6_lr0p08_l25_trees250,2009-06-01,6,0.08,5,250,250,21168,720,44.44880725,0.00238620799973,7.00359616718,6.703083345,0.30051282218,18.6790686547,-8.38502670844,0.633333333333,42.3855128235,0.135928731762,7613,0
depth6_lr0p08,depth6_lr0p08_l25_trees125,2009-07-01,6,0.08,5,250,125,21888,744,46.354350834,0.0042419170004,6.40968056347,5.975841871,0.433838692475,17.9073726799,-7.55103371884,0.756720430108,52.7973993549,0.0986385358966,1676,0
depth6_lr0p08,depth6_lr0p08_l25_trees188,2009-07-01,6,0.08,5,250,188,21888,744,46.354350834,0.00246937500015,6.45159881477,5.975841871,0.475756943767,17.3579830248,-6.33122875185,0.685483870968,44.7414117418,0.102834256544,4527,0
depth6_lr0p08,depth6_lr0p08_l25_trees250,2009-07-01,6,0.08,5,250,250,21888,744,46.354350834,0.0026304590001,6.69344393914,5.975841871,0.717602068138,17.5511838684,-6.63507075497,0.608870967742,38.4656804778,0.124687737591,8740,0
depth6_lr0p08,depth6_lr0p08_l25_trees125,2009-08-01,6,0.08,5,250,125,22632,744,46.292540458,0.00320458299984,7.4897228506,7.355061265,0.134661585605,20.0172035451,10.1732895091,0.717741935484,52.9621235009,0.155657651787,1011,0
depth6_lr0p08,depth6_lr0p08_l25_trees188,2009-08-01,6,0.08,5,250,188,22632,744,46.292540458,0.00227266699994,7.76121513769,7.355061265,0.406153872694,20.1214640155,10.7842242168,0.650537634409,44.5615457765,0.168341479309,3666,0
depth6_lr0p08,depth6_lr0p08_l25_trees250,2009-08-01,6,0.08,5,250,250,22632,744,46.292540458,0.00259379199997,7.96133536651,7.355061265,0.606274101507,20.077370638,10.831814079,0.579301075269,38.3863969713,0.182119582926,7984,0
depth6_lr0p08,depth6_lr0p08_l25_trees125,2009-09-01,6,0.08,5,250,125,23376,720,48.330307958,0.00399349999998,7.69524069451,5.693610333,2.00163036151,20.7389939468,-11.2944423323,0.634722222222,50.114112225,0.191369248036,1305,0
depth6_lr0p08,depth6_lr0p08_l25_trees188,2009-09-01,6,0.08,5,250,188,23376,720,48.330307958,0.00342212499982,8.47970873,5.693610333,2.786098397,21.9714685168,-12.5882653319,0.5,43.4110785704,0.207575757576,3771,0
depth6_lr0p08,depth6_lr0p08_l25_trees250,2009-09-01,6,0.08,5,250,250,23376,720,48.330307958,0.00226537500021,8.83784917387,5.693610333,3.14423884087,22.437687386,-13.0742214383,0.458333333333,38.7261177352,0.214318181818,6843,0
depth6_lr0p08,depth6_lr0p08_l25_trees125,2009-10-01,6,0.08,5,250,125,24096,744,50.378390125,0.0041839999999,4.93400402653,4.414959951,0.519044075533,13.7933091401,-4.18930343016,0.799731182796,48.4467259457,0.159197349843,682,0
depth6_lr0p08,depth6_lr0p08_l25_trees188,2009-10-01,6,0.08,5,250,188,24096,744,50.378390125,0.00257333299987,4.98584824476,4.414959951,0.570888293757,13.7897623576,-4.80301681592,0.700268817204,41.1730387879,0.182237971109,2475,0
depth6_lr0p08,depth6_lr0p08_l25_trees250,2009-10-01,6,0.08,5,250,250,24096,744,50.378390125,0.00258229200017,5.10390034226,4.414959951,0.688940391256,14.0253674878,-5.47384927995,0.634408602151,38.0049790694,0.202229282068,3826,0
depth6_lr0p08,depth6_lr0p08_l25_trees125,2009-11-01,6,0.08,5,250,125,24840,720,51.140965917,0.00466349999988,7.29727840908,4.959250238,2.33802817108,21.4830771487,-18.1656882935,0.836111111111,77.3560768166,0.248358585859,98,0
depth6_lr0p08,depth6_lr0p08_l25_trees188,2009-11-01,6,0.08,5,250,188,24840,720,51.140965917,0.0033893750001,7.0953178535,4.959250238,2.1360676155,20.8865998121,-17.098474873,0.8125,71.1281185886,0.244949494949,341,0
depth6_lr0p08,depth6_lr0p08_l25_trees250,2009-11-01,6,0.08,5,250,250,24840,720,51.140965917,0.00234470799978,6.9162640292,4.959250238,1.9570137912,20.2314127038,-16.4022521239,0.7875,66.8729126824,0.24718013468,794,0
depth6_lr0p08,depth6_lr0p08_l25_trees125,2009-12-01,6,0.08,5,250,125,25560,744,52.463507917,0.00510258299983,11.3152365835,11.0412067,0.274029883501,31.5409790946,19.838789146,0.693548387097,72.7479371482,0.186210492017,310,0
depth6_lr0p08,depth6_lr0p08_l25_trees188,2009-12-01,6,0.08,5,250,188,25560,744,52.463507917,0.00265549999995,11.8135720609,11.0412067,0.772365360898,31.8115181273,19.8918782091,0.625,63.4518880142,0.199147387857,2204,0
depth6_lr0p08,depth6_lr0p08_l25_trees250,2009-12-01,6,0.08,5,250,250,25560,744,52.463507917,0.00243433299966,11.5805474743,11.0412067,0.539340774311,30.5619582497,17.6335899199,0.568548387097,55.5444304731,0.196846421201,5104,3
depth6_lr0p08,depth6_lr0p08_l25_trees125,2010-01-01,6,0.08,5,250,125,26304,744,53.531077666,0.00709512499998,20.6188523984,21.02048069,-0.401628291645,54.293743986,29.5927671953,0.498655913978,93.5209377869,0.151105680461,1699,0
depth6_lr0p08,depth6_lr0p08_l25_trees188,2010-01-01,6,0.08,5,250,188,26304,744,53.531077666,0.00372045800032,21.6312754713,21.02048069,0.610794781275,55.0639430045,29.3093232023,0.424731182796,80.8297384529,0.165802107092,6023,0
depth6_lr0p08,depth6_lr0p08_l25_trees250,2010-01-01,6,0.08,5,250,250,26304,744,53.531077666,0.00282229200002,22.123491412,21.02048069,1.10301072201,55.3084953915,29.7137716204,0.393817204301,74.6042109317,0.17449114804,8366,0
depth6_lr0p08,depth6_lr0p08_l25_trees125,2010-02-01,6,0.08,5,250,125,27048,672,54.933185209,0.00499108300028,11.6046992072,13.85334823,-2.24864902276,31.8300699187,27.3922936967,0.717261904762,81.8152389679,0.271494708995,2159,0
depth6_lr0p08,depth6_lr0p08_l25_trees188,2010-02-01,6,0.08,5,250,188,27048,672,54.933185209,0.00358541700007,12.0537731317,13.85334823,-1.79957509831,31.5982584969,24.1635826087,0.559523809524,60.2098287538,0.258658008658,10655,0
depth6_lr0p08,depth6_lr0p08_l25_trees250,2010-02-01,6,0.08,5,250,250,27048,672,54.933185209,0.00227120900036,12.2496305653,13.85334823,-1.60371766469,30.9601934479,22.9310685544,0.482142857143,53.1159631002,0.264009139009,15119,2
depth6_lr0p08,depth6_lr0p08_l25_trees125,2010-03-01,6,0.08,5,250,125,27720,744,56.459787833,0.00403041699974,8.55607002541,6.757414947,1.79865507841,22.894739029,-14.2147311141,0.591397849462,70.6911259321,0.235311719344,2760,0
depth6_lr0p08,depth6_lr0p08_l25_trees188,2010-03-01,6,0.08,5,250,188,27720,744,56.459787833,0.00239145800015,8.89204737687,6.757414947,2.13463242987,23.4481449104,-14.6654378443,0.540322580645,63.892117799,0.239863147605,4974,0
depth6_lr0p08,depth6_lr0p08_l25_trees250,2010-03-01,6,0.08,5,250,250,27720,744,56.459787833,0.00236037499963,9.19147833841,6.757414947,2.43406339141,23.9725874261,-14.5527538349,0.502688172043,57.344313032,0.239692625176,7723,0
depth6_lr0p08,depth6_lr0p08_l25_trees125,2010-04-01,6,0.08,5,250,125,28464,720,56.25889875,0.00513291599964,4.35626383038,3.642027459,0.714236371379,11.9225715393,-5.39862139799,0.765277777778,44.2040652849,0.200822109989,1260,0
depth6_lr0p08,depth6_lr0p08_l25_trees188,2010-04-01,6,0.08,5,250,188,28464,720,56.25889875,0.00321008299989,4.48765409435,3.642027459,0.845626635349,12.1583849871,-5.74437025328,0.697222222222,40.4890973339,0.214029180696,3103,0
depth6_lr0p08,depth6_lr0p08_l25_trees250,2010-04-01,6,0.08,5,250,250,28464,720,56.25889875,0.00244745800001,4.61565022353,3.642027459,0.97362276453,12.481117254,-6.00966039056,0.679166666667,38.1574555219,0.212634680135,4909,0
depth6_lr0p08,depth6_lr0p08_l25_trees125,2010-05-01,6,0.08,5,250,125,29184,744,57.895825417,0.00410000000011,5.66730444602,7.10266967,-1.43536522398,15.047914998,4.65825709135,0.643817204301,37.8810490298,0.076835016835,4283,0
depth6_lr0p08,depth6_lr0p08_l25_trees188,2010-05-01,6,0.08,5,250,188,29184,744,57.895825417,0.00226141699977,5.66045012981,7.10266967,-1.44221954019,14.7616387833,3.9188885108,0.610215053763,34.808371979,0.0909275551211,6330,0
depth6_lr0p08,depth6_lr0p08_l25_trees250,2010-05-01,6,0.08,5,250,250,29184,744,57.895825417,0.00259495799992,5.57752430126,7.10266967,-1.52514536874,14.4287128371,4.02693151501,0.588709677419,32.7764260239,0.095733680895,7853,0
depth6_lr0p08,depth6_lr0p08_l25_trees125,2010-06-01,6,0.08,5,250,125,29928,720,59.330279,0.00853570800018,12.0199363178,13.70310638,-1.68317006219,30.9545614068,24.8855671885,0.458333333333,56.6193969054,0.312275533109,1149,0
depth6_lr0p08,depth6_lr0p08_l25_trees188,2010-06-01,6,0.08,5,250,188,29928,720,59.330279,0.00357424999993,12.4569344444,13.70310638,-1.24617193558,31.3761870754,24.6488293624,0.3875,51.7233883219,0.316717171717,2811,0
depth6_lr0p08,depth6_lr0p08_l25_trees250,2010-06-01,6,0.08,5,250,250,29928,720,59.330279,0.00242662499977,13.1964383302,13.70310638,-0.506668049849,32.2539403824,25.6610105444,0.351388888889,46.1218926239,0.328658810325,5320,0
depth6_lr0p08,depth6_lr0p08_l25_trees125,2010-07-01,6,0.08,5,250,125,30648,744,60.592937625,0.0160905409998,9.50000243332,10.77537067,-1.27536823668,25.2395025157,6.32402766508,0.543010752688,57.116777661,0.154571521668,2034,0
depth6_lr0p08,depth6_lr0p08_l25_trees188,2010-07-01,6,0.08,5,250,188,30648,744,60.592937625,0.00216137500001,10.0418033999,10.77537067,-0.733567270069,26.1327887647,7.46791230411,0.450268817204,51.3000772042,0.170048875855,4316,0
depth6_lr0p08,depth6_lr0p08_l25_trees250,2010-07-01,6,0.08,5,250,250,30648,744,60.592937625,0.00232108299997,10.2267682962,10.77537067,-0.548602373849,25.9516867727,7.02837816644,0.403225806452,45.6754720003,0.173283371348,8041,0
depth6_lr0p08,depth6_lr0p08_l25_trees125,2010-08-01,6,0.08,5,250,125,31392,744,62.115403208,0.00395779100018,6.0066825546,6.574447448,-0.567764893395,16.4176927969,3.6263436787,0.860215053763,61.6168343034,0.0465151515152,817,0
depth6_lr0p08,depth6_lr0p08_l25_trees188,2010-08-01,6,0.08,5,250,188,31392,744,62.115403208,0.00236054099969,6.06174334729,6.574447448,-0.512704100709,16.4967806831,3.74912312541,0.780913978495,52.6882259511,0.0621972412295,3155,0
depth6_lr0p08,depth6_lr0p08_l25_trees250,2010-08-01,6,0.08,5,250,250,31392,744,62.115403208,0.00227883300022,6.703580813,6.574447448,0.129133364995,17.8834991179,7.07683691133,0.67876344086,44.8645734937,0.119987509504,7680,0
depth6_lr0p08,depth6_lr0p08_l25_trees125,2010-09-01,6,0.08,5,250,125,32136,720,63.529432875,0.00429591600005,6.319434275,7.706400278,-1.386966003,17.1304647359,5.59543153823,0.704166666667,47.4382696286,0.086652637486,2303,0
depth6_lr0p08,depth6_lr0p08_l25_trees188,2010-09-01,6,0.08,5,250,188,32136,720,63.529432875,0.00400600000012,6.67359658886,7.706400278,-1.03280368914,17.5628622698,6.61332493509,0.5625,39.3660323686,0.120047699214,5939,0
depth6_lr0p08,depth6_lr0p08_l25_trees250,2010-09-01,6,0.08,5,250,250,32136,720,63.529432875,0.00241966700014,6.81830949076,7.706400278,-0.888090787244,17.5156000307,6.1541122181,0.511111111111,34.4173452493,0.131812570146,9560,0
depth6_lr0p08,depth6_lr0p08_l25_trees125,2010-10-01,6,0.08,5,250,125,32856,744,66.451779167,0.00623966600006,6.84535920642,3.510557406,3.33480180042,18.8021411234,-16.0002252912,0.631720430108,54.8130516322,0.313932334094,325,0
depth6_lr0p08,depth6_lr0p08_l25_trees188,2010-10-01,6,0.08,5,250,188,32856,744,66.451779167,0.0022234170001,6.90891357461,3.510557406,3.39835616861,18.8691113183,-16.1177894198,0.565860215054,49.2328063984,0.322648528294,1082,0
depth6_lr0p08,depth6_lr0p08_l25_trees250,2010-10-01,6,0.08,5,250,250,32856,744,66.451779167,0.0023061249999,7.28569053504,3.510557406,3.77513312904,19.5448078663,-16.8658672905,0.504032258065,45.3815147244,0.331826327794,2289,0
depth6_lr0p08,depth6_lr0p08_l25_trees125,2010-11-01,6,0.08,5,250,125,33600,720,66.427521834,0.00415050000038,5.9073297396,5.645941032,0.261388707596,16.5693824043,-4.12170439178,0.808333333333,57.5251066611,0.0784231200898,143,0
depth6_lr0p08,depth6_lr0p08_l25_trees188,2010-11-01,6,0.08,5,250,188,33600,720,66.427521834,0.0033171670002,5.85095545083,5.645941032,0.205014418832,16.3072935025,-3.902684086,0.795833333333,54.1384490044,0.078347362514,572,0
depth6_lr0p08,depth6_lr0p08_l25_trees250,2010-11-01,6,0.08,5,250,250,33600,720,66.427521834,0.00236033300007,5.84810860639,5.645941032,0.202167574391,16.2583748922,-4.22738345792,0.781944444444,51.1858083944,0.0833978675645,1211,0
depth6_lr0p08,depth6_lr0p08_l25_trees125,2010-12-01,6,0.08,5,250,125,34320,744,68.653477542,0.00465345900011,20.2077835027,21.20801128,-1.00022777728,50.7815598615,47.6792698192,0.310483870968,75.8378802203,0.39311610731,640,0
depth6_lr0p08,depth6_lr0p08_l25_trees188,2010-12-01,6,0.08,5,250,188,34320,744,68.653477542,0.00258020799993,22.9914403304,21.20801128,1.78342905043,53.7683956071,50.5491064134,0.186827956989,62.0861013224,0.41124090366,4168,0
depth6_lr0p08,depth6_lr0p08_l25_trees250,2010-12-01,6,0.08,5,250,250,34320,744,68.653477542,0.00239166600022,24.358339717,21.20801128,3.15032843704,55.2352871166,52.1116887475,0.166666666667,55.6802395298,0.415395351363,6821,0
depth8_lr0p04,depth8_lr0p04_l25_trees250,2009-01-01,8,0.04,5,500,250,17544,744,143.092505833,0.00507629200001,12.1718998723,13.90554752,-1.73364764769,32.8779184236,20.9671560062,0.630376344086,66.2498653162,0.17445041816,4456,0
depth8_lr0p04,depth8_lr0p04_l25_trees375,2009-01-01,8,0.04,5,500,375,17544,744,143.092505833,0.0123516250001,12.9265904315,13.90554752,-0.978957088532,33.0747114977,21.4598397001,0.5,52.3489656385,0.194286955577,11245,2
depth8_lr0p04,depth8_lr0p04_l25_trees500,2009-01-01,8,0.04,5,500,500,17544,744,143.092505833,0.00603320800019,13.6172137876,13.90554752,-0.288333732383,33.3788536919,21.0458125798,0.384408602151,42.63091317,0.205443141088,17453,14
depth8_lr0p04,depth8_lr0p04_l25_trees250,2009-02-01,8,0.04,5,500,250,18288,672,146.786571792,0.00730670800021,12.7273823083,11.28038276,1.44699954828,35.0280579809,7.93781448147,0.575892857143,70.9404608705,0.133983886484,2203,0
depth8_lr0p04,depth8_lr0p04_l25_trees375,2009-02-01,8,0.04,5,500,375,18288,672,146.786571792,0.003424,12.9849823726,11.28038276,1.70459961263,34.6347198925,7.53564292582,0.491071428571,62.9551845219,0.14732984608,4494,0
depth8_lr0p04,depth8_lr0p04_l25_trees500,2009-02-01,8,0.04,5,500,500,18288,672,146.786571792,0.00391379199982,13.2324117666,11.28038276,1.95202900655,34.5330967755,7.68976280751,0.418154761905,56.6804072448,0.15888047138,7429,0
depth8_lr0p04,depth8_lr0p04_l25_trees250,2009-03-01,8,0.04,5,500,250,18960,744,150.022000916,0.00640466699997,11.0967117206,10.38357876,0.713132960596,28.0985371481,16.8713738191,0.561827956989,46.9078721228,0.107627348756,4850,0
depth8_lr0p04,depth8_lr0p04_l25_trees375,2009-03-01,8,0.04,5,500,375,18960,744,150.022000916,0.00356308299979,11.1117613127,10.38357876,0.728182552729,27.4862669233,16.4333632268,0.504032258065,40.7692668146,0.119215270989,9077,1
depth8_lr0p04,depth8_lr0p04_l25_trees500,2009-03-01,8,0.04,5,500,500,18960,744,150.022000916,0.00416479199976,11.2960756148,10.38357876,0.912496854772,27.4815500729,16.5435670421,0.452956989247,36.2798268255,0.13297762572,12829,4
depth8_lr0p04,depth8_lr0p04_l25_trees250,2009-04-01,8,0.04,5,500,250,19704,720,153.691548958,0.00432599999931,5.92463670432,4.785073425,1.13956327932,15.0300723773,-1.15618811483,0.401388888889,30.7073362804,0.185867003367,10664,0
depth8_lr0p04,depth8_lr0p04_l25_trees375,2009-04-01,8,0.04,5,500,375,19704,720,153.691548958,0.00553079099973,6.3782356346,4.785073425,1.5931622096,15.394682658,-1.20431738999,0.304166666667,24.581597032,0.200165544332,18772,8
depth8_lr0p04,depth8_lr0p04_l25_trees500,2009-04-01,8,0.04,5,500,500,19704,720,153.691548958,0.00403929199911,6.61021231223,4.785073425,1.82513888723,15.4876251976,-1.50350930512,0.270833333333,21.8505880778,0.208992704826,22761,23
depth8_lr0p04,depth8_lr0p04_l25_trees250,2009-05-01,8,0.04,5,500,250,20424,744,157.364416166,0.00675841700013,4.67955805716,7.013305197,-2.33374713984,12.9811300821,7.82154272267,0.737903225806,32.9158396245,0.109160964484,6510,0
depth8_lr0p04,depth8_lr0p04_l25_trees375,2009-05-01,8,0.04,5,500,375,20424,744,157.364416166,0.00379204099954,4.86648597527,7.013305197,-2.14681922173,13.0863613838,7.76188186844,0.631720430108,27.36345657,0.132205387205,11542,0
depth8_lr0p04,depth8_lr0p04_l25_trees500,2009-05-01,8,0.04,5,500,500,20424,744,157.364416166,0.00444708400028,4.93023145475,7.013305197,-2.08307374225,12.9279239778,7.4698010469,0.561827956989,23.9124459447,0.140647333551,15102,0
depth8_lr0p04,depth8_lr0p04_l25_trees250,2009-06-01,8,0.04,5,500,250,21168,720,158.555679542,0.00660254099967,6.46340949653,6.703083345,-0.239673848471,17.2947208928,-0.833593681258,0.666666666667,40.8254980342,0.0864337822671,7630,0
depth8_lr0p04,depth8_lr0p04_l25_trees375,2009-06-01,8,0.04,5,500,375,21168,720,158.555679542,0.00349337499938,6.69368484431,6.703083345,-0.00939850068862,17.1594432221,-1.57245397274,0.551388888889,33.1494197954,0.116801346801,13541,0
depth8_lr0p04,depth8_lr0p04_l25_trees500,2009-06-01,8,0.04,5,500,500,21168,720,158.555679542,0.0040247500001,7.13709790064,6.703083345,0.434014555637,17.2838964928,-1.81132202775,0.443055555556,24.9855490141,0.147525252525,20424,5
depth8_lr0p04,depth8_lr0p04_l25_trees250,2009-07-01,8,0.04,5,500,250,21888,744,161.312805167,0.00455475000035,6.41131843296,5.975841871,0.43547656196,17.4744588523,-5.35996313452,0.668010752688,46.9820620775,0.0973987183665,3011,0
depth8_lr0p04,depth8_lr0p04_l25_trees375,2009-07-01,8,0.04,5,500,375,21888,744,161.312805167,0.00569500000074,6.51688367729,5.975841871,0.541041806286,16.9880523479,-4.63482205636,0.557795698925,36.9216305594,0.115935158032,8415,0
depth8_lr0p04,depth8_lr0p04_l25_trees500,2009-07-01,8,0.04,5,500,500,21888,744,161.312805167,0.00432749999982,6.89945866208,5.975841871,0.923616791076,17.3273461048,-5.25256281334,0.459677419355,29.4592352855,0.144649723037,14653,4
depth8_lr0p04,depth8_lr0p04_l25_trees250,2009-08-01,8,0.04,5,500,250,22632,744,169.563975959,0.00450012500005,8.12486733447,7.355061265,0.769806069468,20.7967759378,12.4203684881,0.592741935484,42.1643020357,0.189018681438,4053,0
depth8_lr0p04,depth8_lr0p04_l25_trees375,2009-08-01,8,0.04,5,500,375,22632,744,169.563975959,0.006964917,8.49937742993,7.355061265,1.14431616493,20.790071158,12.0621528033,0.491935483871,33.1633707199,0.194922341697,9616,0
depth8_lr0p04,depth8_lr0p04_l25_trees500,2009-08-01,8,0.04,5,500,500,22632,744,169.563975959,0.00466316699931,8.6761505209,7.355061265,1.3210892559,20.7541196722,12.2566777448,0.435483870968,28.8945482096,0.203857934181,13249,2
depth8_lr0p04,depth8_lr0p04_l25_trees250,2009-09-01,8,0.04,5,500,250,23376,720,191.340501709,0.00500079100038,7.6414273136,5.693610333,1.9478169806,20.5828044886,-10.9368425629,0.598611111111,42.618968814,0.199211560045,2596,0
depth8_lr0p04,depth8_lr0p04_l25_trees375,2009-09-01,8,0.04,5,500,375,23376,720,191.340501709,0.00720762499986,8.38807593819,5.693610333,2.69446560519,21.4882302249,-11.8172021513,0.445833333333,32.8301505413,0.22035634119,9199,0
depth8_lr0p04,depth8_lr0p04_l25_trees500,2009-09-01,8,0.04,5,500,500,23376,720,191.340501709,0.00521120800022,8.9057389157,5.693610333,3.2121285827,21.6429071049,-12.6917664325,0.361111111111,25.9743522316,0.243389450056,15455,0
depth8_lr0p04,depth8_lr0p04_l25_trees250,2009-10-01,8,0.04,5,500,250,24096,744,192.097904625,0.00929962499958,5.40725147164,4.414959951,0.992291520637,14.7862616229,-5.61163310696,0.581989247312,39.1175362464,0.205698381666,2972,0
depth8_lr0p04,depth8_lr0p04_l25_trees375,2009-10-01,8,0.04,5,500,375,24096,744,192.097904625,0.00355175000004,5.62209162518,4.414959951,1.20713167418,15.0193290544,-6.77969926477,0.462365591398,33.8675794278,0.233509829478,6287,0
depth8_lr0p04,depth8_lr0p04_l25_trees500,2009-10-01,8,0.04,5,500,500,24096,744,192.097904625,0.00415150000026,5.74262391399,4.414959951,1.32766396299,14.9776165579,-6.88540876187,0.397849462366,30.4549673475,0.245171065494,9097,0
depth8_lr0p04,depth8_lr0p04_l25_trees250,2009-11-01,8,0.04,5,500,250,24840,720,183.907365917,0.0150100829997,7.41991091378,4.959250238,2.46066067578,21.1341430493,-17.4727075904,0.684722222222,59.6978353743,0.259245230079,1082,0
depth8_lr0p04,depth8_lr0p04_l25_trees375,2009-11-01,8,0.04,5,500,375,24840,720,183.907365917,0.00354562499979,7.60304315688,4.959250238,2.64379291888,21.2941349363,-17.4388000107,0.606944444444,52.9285632589,0.267171717172,3261,0
depth8_lr0p04,depth8_lr0p04_l25_trees500,2009-11-01,8,0.04,5,500,500,24840,720,183.907365917,0.00456304100044,7.83005091763,4.959250238,2.87080067963,21.5676494893,-17.7713371193,0.563888888889,47.6993900827,0.277539281706,6170,0
depth8_lr0p04,depth8_lr0p04_l25_trees250,2009-12-01,8,0.04,5,500,250,25560,744,186.702106584,0.00496595799996,11.2200385469,11.0412067,0.178831846946,30.3189245462,16.786571631,0.569892473118,60.0369237285,0.170257955903,3291,0
depth8_lr0p04,depth8_lr0p04_l25_trees375,2009-12-01,8,0.04,5,500,375,25560,744,186.702106584,0.00655174999974,11.715118553,11.0412067,0.673911852954,30.537126747,16.2812170306,0.509408602151,50.9601230349,0.186843162811,8001,0
depth8_lr0p04,depth8_lr0p04_l25_trees500,2009-12-01,8,0.04,5,500,500,25560,744,186.702106584,0.00448887499988,12.1046498826,11.0412067,1.0634431826,30.5527802465,16.3689575256,0.434139784946,44.6102320395,0.200486043228,11790,11
depth8_lr0p04,depth8_lr0p04_l25_trees250,2010-01-01,8,0.04,5,500,250,26304,744,194.273949833,0.00904058299966,21.4015749344,21.02048069,0.381094244432,53.137896774,25.7107127305,0.403225806452,75.9679302992,0.161173020528,4345,0
depth8_lr0p04,depth8_lr0p04_l25_trees375,2010-01-01,8,0.04,5,500,375,26304,744,194.273949833,0.00402691699946,22.426465445,21.02048069,1.40598475497,53.6464048069,27.2166675858,0.349462365591,64.1191345688,0.175096665581,10582,0
depth8_lr0p04,depth8_lr0p04_l25_trees500,2010-01-01,8,0.04,5,500,500,26304,744,194.273949833,0.00497466600063,23.4442742444,21.02048069,2.42379355438,54.8655442379,27.8934116036,0.30376344086,55.5030045337,0.189555772782,15118,1
depth8_lr0p04,depth8_lr0p04_l25_trees250,2010-02-01,8,0.04,5,500,250,27048,672,200.2011355,0.00604933300019,10.0717384977,13.85334823,-3.78160973227,27.9654916971,20.9756994699,0.730654761905,75.5985187245,0.209881553632,2895,0
depth8_lr0p04,depth8_lr0p04_l25_trees375,2010-02-01,8,0.04,5,500,375,27048,672,200.2011355,0.00402000000031,10.8613444272,13.85334823,-2.99200380283,28.4870849519,21.6684710106,0.571428571429,60.2444860215,0.240244708995,8217,0
depth8_lr0p04,depth8_lr0p04_l25_trees500,2010-02-01,8,0.04,5,500,500,27048,672,200.2011355,0.00401120900005,11.2623077626,13.85334823,-2.5910404674,28.5843461153,21.5516015224,0.5,52.2456677491,0.248986291486,12309,0
depth8_lr0p04,depth8_lr0p04_l25_trees250,2010-03-01,8,0.04,5,500,250,27720,744,213.544854584,0.00651704200027,8.88424131194,6.757414947,2.12682636494,23.2108629638,-11.0868844092,0.474462365591,54.3486594004,0.216291951776,7525,0
depth8_lr0p04,depth8_lr0p04_l25_trees375,2010-03-01,8,0.04,5,500,375,27720,744,213.544854584,0.00688133299991,9.1357259723,6.757414947,2.3783110253,22.9497997669,-10.6520954552,0.408602150538,44.0778434791,0.219756163788,13255,0
depth8_lr0p04,depth8_lr0p04_l25_trees500,2010-03-01,8,0.04,5,500,500,27720,744,213.544854584,0.00762162499996,9.371845764,6.757414947,2.614430817,22.8336014704,-10.8687531058,0.361559139785,37.7131775515,0.22793146519,18160,8
depth8_lr0p04,depth8_lr0p04_l25_trees250,2010-04-01,8,0.04,5,500,250,28464,720,198.428831541,0.00718587499978,5.08067264788,3.642027459,1.43864518888,13.6917349206,-8.3589767886,0.651388888889,49.0130957474,0.255735129068,281,0
depth8_lr0p04,depth8_lr0p04_l25_trees375,2010-04-01,8,0.04,5,500,375,28464,720,198.428831541,0.00341099999969,5.57563332874,3.642027459,1.93360586974,14.6577683516,-9.29350963165,0.530555555556,42.36121831,0.276136363636,2553,0
depth8_lr0p04,depth8_lr0p04_l25_trees500,2010-04-01,8,0.04,5,500,500,28464,720,198.428831541,0.00409725000009,5.90900029667,3.642027459,2.26697283767,15.2158321733,-9.79730007797,0.4375,37.5739622263,0.292648709315,6265,0
depth8_lr0p04,depth8_lr0p04_l25_trees250,2010-05-01,8,0.04,5,500,250,29184,744,214.06933725,0.00650883300023,6.22646557692,7.10266967,-0.87620409308,15.8693006696,9.53675436391,0.596774193548,29.3052520712,0.0960872162485,5562,0
depth8_lr0p04,depth8_lr0p04_l25_trees375,2010-05-01,8,0.04,5,500,375,29184,744,214.06933725,0.00347058399984,6.5542139869,7.10266967,-0.548455683105,16.3074320201,9.14476585351,0.501344086022,24.6317319794,0.12572987944,11019,8
depth8_lr0p04,depth8_lr0p04_l25_trees500,2010-05-01,8,0.04,5,500,500,29184,744,214.06933725,0.00403245799953,6.77003958113,7.10266967,-0.332630088871,16.3618320218,9.23989135532,0.405913978495,20.9241632004,0.15316878462,16703,31
depth8_lr0p04,depth8_lr0p04_l25_trees250,2010-06-01,8,0.04,5,500,250,29928,720,215.738161375,0.00456250000025,11.0136446302,13.70310638,-2.68946174982,29.2912543536,21.7070708899,0.506944444444,55.2774963097,0.264492143659,1206,0
depth8_lr0p04,depth8_lr0p04_l25_trees375,2010-06-01,8,0.04,5,500,375,29928,720,215.738161375,0.00618124999983,11.6873687679,13.70310638,-2.01573761206,30.1074746869,22.0736495498,0.451388888889,47.9075096669,0.270216049383,3998,0
depth8_lr0p04,depth8_lr0p04_l25_trees500,2010-06-01,8,0.04,5,500,500,29928,720,215.738161375,0.00441879199934,12.0362420482,13.70310638,-1.66686433182,30.4496742868,22.702069436,0.395833333333,42.5578342441,0.279104938272,6887,0
depth8_lr0p04,depth8_lr0p04_l25_trees250,2010-07-01,8,0.04,5,500,250,30648,744,211.3075285,0.00459433300057,9.87198469623,10.77537067,-0.903385973767,25.1194377226,5.64031347807,0.42876344086,45.2122140558,0.146130118388,5855,0
depth8_lr0p04,depth8_lr0p04_l25_trees375,2010-07-01,8,0.04,5,500,375,30648,744,211.3075285,0.00627799999984,10.5155490297,10.77537067,-0.259821640262,25.6422551192,5.26835408777,0.356182795699,36.6693129954,0.164051265342,12261,5
depth8_lr0p04,depth8_lr0p04_l25_trees500,2010-07-01,8,0.04,5,500,500,30648,744,211.3075285,0.00442512500013,10.965861225,10.77537067,0.190490555041,25.762540773,5.13140730564,0.313172043011,30.4794174325,0.175558270881,17913,16
depth8_lr0p04,depth8_lr0p04_l25_trees250,2010-08-01,8,0.04,5,500,250,31392,744,217.796842542,0.00651962499978,6.54466129336,6.574447448,-0.029786154642,17.4044694371,4.69885698404,0.717741935484,50.0276488595,0.0795606603671,2386,0
depth8_lr0p04,depth8_lr0p04_l25_trees375,2010-08-01,8,0.04,5,500,375,31392,744,217.796842542,0.00354841600074,6.8148454974,6.574447448,0.240398049397,17.7665678161,4.93598804046,0.647849462366,43.7776952039,0.102630607147,5632,0
depth8_lr0p04,depth8_lr0p04_l25_trees500,2010-08-01,8,0.04,5,500,500,31392,744,217.796842542,0.00527066700033,7.10723103733,6.574447448,0.532783589334,18.0086402187,4.5163377777,0.557795698925,36.5572541818,0.117700662539,10169,0
depth8_lr0p04,depth8_lr0p04_l25_trees250,2010-09-01,8,0.04,5,500,250,32136,720,220.7588965,0.0196504590003,6.65642399666,7.706400278,-1.04997628134,17.7696293823,7.58149845722,0.605555555556,39.5928933599,0.107598204265,4656,0
depth8_lr0p04,depth8_lr0p04_l25_trees375,2010-09-01,8,0.04,5,500,375,32136,720,220.7588965,0.00350416699985,6.69945042621,7.706400278,-1.00694985179,17.2924678687,6.86794589461,0.501388888889,31.7076363684,0.131955667789,10926,0
depth8_lr0p04,depth8_lr0p04_l25_trees500,2010-09-01,8,0.04,5,500,500,32136,720,220.7588965,0.00389862500015,6.90292217293,7.706400278,-0.803478105073,17.2296910829,6.92294708347,0.406944444444,25.9049497124,0.154147025814,16528,0
depth8_lr0p04,depth8_lr0p04_l25_trees250,2010-10-01,8,0.04,5,500,250,32856,744,217.181067417,0.00449487500009,5.94662783555,3.510557406,2.43607042955,15.5943367998,-11.937188267,0.461021505376,36.48440646,0.30742913001,3276,0
depth8_lr0p04,depth8_lr0p04_l25_trees375,2010-10-01,8,0.04,5,500,375,32856,744,217.181067417,0.0054869580008,6.452116117,3.510557406,2.941558711,16.2291192252,-12.6232656393,0.354838709677,30.7610840913,0.325990007603,7467,0
depth8_lr0p04,depth8_lr0p04_l25_trees500,2010-10-01,8,0.04,5,500,500,32856,744,217.181067417,0.00401862499984,6.89272337245,3.510557406,3.38216596645,16.8788632012,-13.1854903518,0.30376344086,27.041470334,0.33243347453,12022,11
depth8_lr0p04,depth8_lr0p04_l25_trees250,2010-11-01,8,0.04,5,500,250,33600,720,225.037637041,0.00470358300026,5.45709418755,5.645941032,-0.188846844452,14.6037622842,-3.94903925005,0.727777777778,46.9820264672,0.116422558923,2107,0
depth8_lr0p04,depth8_lr0p04_l25_trees375,2010-11-01,8,0.04,5,500,375,33600,720,225.037637041,0.0060235410001,5.61743081319,5.645941032,-0.0285102188116,14.9150167764,-4.4728603306,0.669444444444,40.8061934778,0.124166666667,4940,0
depth8_lr0p04,depth8_lr0p04_l25_trees500,2010-11-01,8,0.04,5,500,500,33600,720,225.037637041,0.00449095800013,5.83082047247,5.645941032,0.184879440474,15.0652432049,-4.87179887278,0.555555555556,32.5253720223,0.143714927048,10984,0
depth8_lr0p04,depth8_lr0p04_l25_trees250,2010-12-01,8,0.04,5,500,250,34320,744,226.134248167,0.00607674999992,21.3217654901,21.20801128,0.113754210143,52.6598514671,49.6634455208,0.297043010753,70.198297195,0.395912892365,1637,0
depth8_lr0p04,depth8_lr0p04_l25_trees375,2010-12-01,8,0.04,5,500,375,34320,744,226.134248167,0.00400616699972,22.4201780277,21.20801128,1.21216674769,53.4041125114,50.3281384343,0.219086021505,60.5159752437,0.406136092104,4720,0
depth8_lr0p04,depth8_lr0p04_l25_trees500,2010-12-01,8,0.04,5,500,500,34320,744,226.134248167,0.00438870899961,23.4012553547,21.20801128,2.19324407474,53.9150259984,50.8384047711,0.185483870968,51.9069739634,0.410792874986,8639,0
depth8_lr0p08,depth8_lr0p08_l25_trees125,2009-01-01,8,0.08,5,250,125,17544,744,73.726593583,0.00444016700021,13.0824610552,13.90554752,-0.823086464826,35.3425849487,23.8085304772,0.629032258065,72.7041106305,0.202871728033,9317,0
depth8_lr0p08,depth8_lr0p08_l25_trees188,2009-01-01,8,0.08,5,250,188,17544,744,73.726593583,0.0035397089996,13.8014610852,13.90554752,-0.104086434787,35.2849299442,23.0730381062,0.506720430108,58.5878355312,0.209961442381,15679,0
depth8_lr0p08,depth8_lr0p08_l25_trees250,2009-01-01,8,0.08,5,250,250,17544,744,73.726593583,0.00271700000121,14.6961277875,13.90554752,0.790580267479,35.8508070195,23.9806520063,0.405913978495,46.8870114095,0.227086999022,21301,3
depth8_lr0p08,depth8_lr0p08_l25_trees125,2009-02-01,8,0.08,5,250,125,18288,672,75.622920583,0.0044222079996,13.0422983723,11.28038276,1.76191561233,35.1154949147,10.7995763331,0.556547619048,62.2547988211,0.13216029341,7182,0
depth8_lr0p08,depth8_lr0p08_l25_trees188,2009-02-01,8,0.08,5,250,188,18288,672,75.622920583,0.012972167,13.4754791128,11.28038276,2.1950963528,35.1930182806,11.0634345176,0.443452380952,54.9241257517,0.148924963925,10701,0
depth8_lr0p08,depth8_lr0p08_l25_trees250,2009-02-01,8,0.08,5,250,250,18288,672,75.622920583,0.00280416600071,13.8862892007,11.28038276,2.60590644068,35.2501133064,11.9044779237,0.380952380952,48.5250838797,0.16116041366,14134,0
depth8_lr0p08,depth8_lr0p08_l25_trees125,2009-03-01,8,0.08,5,250,125,18960,744,78.720254375,0.00455941700056,11.4329721214,10.38357876,1.04939336137,28.0769012728,14.7004419625,0.434139784946,38.3918749406,0.14651786684,17102,0
depth8_lr0p08,depth8_lr0p08_l25_trees188,2009-03-01,8,0.08,5,250,188,18960,744,78.720254375,0.00379195800087,11.8064034192,10.38357876,1.42282465921,27.8609236174,13.797436509,0.34811827957,32.6322617447,0.167228739003,23058,29
depth8_lr0p08,depth8_lr0p08_l25_trees250,2009-03-01,8,0.08,5,250,250,18960,744,78.720254375,0.00277283399919,12.0008262732,10.38357876,1.6172475132,27.9336803686,13.3459191673,0.30376344086,29.8576766517,0.175429021397,25313,34
depth8_lr0p08,depth8_lr0p08_l25_trees125,2009-04-01,8,0.08,5,250,125,19704,720,79.097833792,0.00560783400033,5.6197931919,4.785073425,0.834719766895,14.6581210673,-1.29763318148,0.573611111111,34.6860280142,0.16111952862,9098,2
depth8_lr0p08,depth8_lr0p08_l25_trees188,2009-04-01,8,0.08,5,250,188,19704,720,79.097833792,0.00349550000101,6.0227621454,4.785073425,1.2376887204,15.2120304237,-1.57824472247,0.495833333333,30.4414907168,0.172317620651,14770,18
depth8_lr0p08,depth8_lr0p08_l25_trees250,2009-04-01,8,0.08,5,250,250,19704,720,79.097833792,0.00247320800008,6.41025952682,4.785073425,1.62518610182,15.5782480671,-2.15090312945,0.402777777778,25.3971435895,0.192255892256,19902,35
depth8_lr0p08,depth8_lr0p08_l25_trees125,2009-05-01,8,0.08,5,250,125,20424,744,79.437911875,0.00786974999937,4.96484630809,7.013305197,-2.04845888891,13.6586903887,9.1917503587,0.680107526882,30.6720624472,0.161517323775,14489,0
depth8_lr0p08,depth8_lr0p08_l25_trees188,2009-05-01,8,0.08,5,250,188,20424,744,79.437911875,0.00364724999963,5.09671161901,7.013305197,-1.91659357799,13.5715515593,8.95370899389,0.611559139785,26.9025496058,0.171729662214,18404,0
depth8_lr0p08,depth8_lr0p08_l25_trees250,2009-05-01,8,0.08,5,250,250,20424,744,79.437911875,0.0026787909992,5.31536492628,7.013305197,-1.69794027072,13.7254639952,9.18587159568,0.524193548387,23.1602971781,0.184926143152,22311,1
depth8_lr0p08,depth8_lr0p08_l25_trees125,2009-06-01,8,0.08,5,250,125,21168,720,82.311559792,0.0044023749997,6.94059891581,6.703083345,0.23751557081,18.5137276388,-0.238739623259,0.581944444444,39.0902401967,0.108765432099,15154,1
depth8_lr0p08,depth8_lr0p08_l25_trees188,2009-06-01,8,0.08,5,250,188,21168,720,82.311559792,0.00445766700068,7.37894175782,6.703083345,0.675858412821,18.5383188482,-0.0531264971912,0.433333333333,29.8895533339,0.145662177329,22494,12
depth8_lr0p08,depth8_lr0p08_l25_trees250,2009-06-01,8,0.08,5,250,250,21168,720,82.311559792,0.00247916700027,7.5470233948,6.703083345,0.843940049799,18.3098137802,-0.458957171402,0.380555555556,26.270084072,0.164865319865,26102,43
depth8_lr0p08,depth8_lr0p08_l25_trees125,2009-07-01,8,0.08,5,250,125,21888,744,84.459515042,0.00533366700074,6.92530924378,5.975841871,0.949467372781,18.7602477732,-8.87876516025,0.685483870968,51.1599613729,0.127605626154,6234,0
depth8_lr0p08,depth8_lr0p08_l25_trees188,2009-07-01,8,0.08,5,250,188,21888,744,84.459515042,0.00251062499956,7.30596529971,5.975841871,1.33012342871,19.1603478403,-9.24156694102,0.587365591398,40.7795125267,0.148836754643,12728,0
depth8_lr0p08,depth8_lr0p08_l25_trees250,2009-07-01,8,0.08,5,250,250,21888,744,84.459515042,0.00277616600033,7.69853354754,5.975841871,1.72269167654,19.6591366699,-9.78333204447,0.497311827957,33.4652728437,0.169750190073,18370,0
depth8_lr0p08,depth8_lr0p08_l25_trees125,2009-08-01,8,0.08,5,250,125,22632,744,86.664481,0.00503987499906,7.90386875413,7.355061265,0.548807489135,20.6260000692,12.0064435726,0.612903225806,42.460937282,0.176505919409,9459,0
depth8_lr0p08,depth8_lr0p08_l25_trees188,2009-08-01,8,0.08,5,250,188,22632,744,86.664481,0.00370549999934,8.20476071312,7.355061265,0.849699448115,20.633246213,12.5751172245,0.54435483871,35.821859621,0.191182252634,14878,0
depth8_lr0p08,depth8_lr0p08_l25_trees250,2009-08-01,8,0.08,5,250,250,22632,744,86.664481,0.00310283300132,8.54433975081,7.355061265,1.18927848581,20.7717643435,12.6335201793,0.461021505376,29.9624734688,0.20256978386,19773,2
depth8_lr0p08,depth8_lr0p08_l25_trees125,2009-09-01,8,0.08,5,250,125,23376,720,93.930384292,0.00651500000095,8.81404206801,5.693610333,3.12043173501,23.2099287983,-13.8363111062,0.547222222222,45.1559439563,0.206523569024,4907,0
depth8_lr0p08,depth8_lr0p08_l25_trees188,2009-09-01,8,0.08,5,250,188,23376,720,93.930384292,0.00447258299937,9.30069026882,5.693610333,3.60707993582,23.5400140074,-14.3669549739,0.433333333333,35.00635892,0.222881593715,12624,0
depth8_lr0p08,depth8_lr0p08_l25_trees250,2009-09-01,8,0.08,5,250,250,23376,720,93.930384292,0.00349008299963,9.64000674913,5.693610333,3.94639641613,23.6780040207,-14.4883469335,0.375,29.0629140205,0.228925364759,18727,0
depth8_lr0p08,depth8_lr0p08_l25_trees125,2009-10-01,8,0.08,5,250,125,24096,744,92.908809541,0.00438845899953,5.39635254707,4.414959951,0.981392596073,14.9503929742,-6.12257653892,0.69623655914,40.9156513356,0.181646573259,5559,0
depth8_lr0p08,depth8_lr0p08_l25_trees188,2009-10-01,8,0.08,5,250,188,24096,744,92.908809541,0.00986474999991,5.46186716351,4.414959951,1.04690721251,14.8641785952,-6.41842655667,0.587365591398,34.7873927441,0.199249484088,10365,1
depth8_lr0p08,depth8_lr0p08_l25_trees250,2009-10-01,8,0.08,5,250,250,24096,744,92.908809541,0.00581695800065,5.52918104323,4.414959951,1.11422109223,14.8909207122,-6.61818651907,0.528225806452,31.985735858,0.216351688932,13474,4
depth8_lr0p08,depth8_lr0p08_l25_trees125,2009-11-01,8,0.08,5,250,125,24840,720,90.9360105,0.00440300000082,7.06196417582,4.959250238,2.10271393782,19.7306456754,-15.1920523105,0.716666666667,59.7807894199,0.233193041526,5207,0
depth8_lr0p08,depth8_lr0p08_l25_trees188,2009-11-01,8,0.08,5,250,188,24840,720,90.9360105,0.0045071250006,7.57534861695,4.959250238,2.61609837895,20.5685664554,-16.1713787812,0.620833333333,52.8803791861,0.24891694725,9181,0
depth8_lr0p08,depth8_lr0p08_l25_trees250,2009-11-01,8,0.08,5,250,250,24840,720,90.9360105,0.0023708330009,7.80093785762,4.959250238,2.84168761962,20.7864394239,-16.1926017862,0.561111111111,47.0380364381,0.256116722783,12558,0
depth8_lr0p08,depth8_lr0p08_l25_trees125,2009-12-01,8,0.08,5,250,125,25560,744,91.844370291,0.00531525000042,11.6199477682,11.0412067,0.578741068187,31.1068867059,21.3989346981,0.548387096774,55.9709651669,0.196344086022,8218,0
depth8_lr0p08,depth8_lr0p08_l25_trees188,2009-12-01,8,0.08,5,250,188,25560,744,91.844370291,0.00231566700131,12.1177162682,11.0412067,1.07650956818,31.4350101968,21.6939035679,0.467741935484,46.0682680631,0.206804605192,14891,2
depth8_lr0p08,depth8_lr0p08_l25_trees250,2009-12-01,8,0.08,5,250,250,25560,744,91.844370291,0.00246437500027,12.3932843693,11.0412067,1.35207766933,31.420556953,21.5690847306,0.416666666667,41.1202274568,0.21063864451,18138,2
depth8_lr0p08,depth8_lr0p08_l25_trees125,2010-01-01,8,0.08,5,250,125,26304,744,91.873620125,0.00585370800036,21.4025342492,21.02048069,0.382053559212,53.2694214776,33.1058396922,0.451612903226,81.4398014159,0.165746171391,4543,0
depth8_lr0p08,depth8_lr0p08_l25_trees188,2010-01-01,8,0.08,5,250,188,26304,744,91.873620125,0.00382429199999,22.0666811282,21.02048069,1.04620043819,53.3288933093,32.8413856003,0.393817204301,70.1515644257,0.172830455089,9398,0
depth8_lr0p08,depth8_lr0p08_l25_trees250,2010-01-01,8,0.08,5,250,250,26304,744,91.873620125,0.00276345800012,22.8270077188,21.02048069,1.80652702877,54.1561874444,33.6042585418,0.349462365591,59.7344079509,0.186289779516,13778,0
depth8_lr0p08,depth8_lr0p08_l25_trees125,2010-02-01,8,0.08,5,250,125,27048,672,94.580138292,0.00471304100029,13.1531020851,13.85334823,-0.700246144949,35.2494479517,27.6498271332,0.61755952381,78.6142938603,0.239357864358,7213,0
depth8_lr0p08,depth8_lr0p08_l25_trees188,2010-02-01,8,0.08,5,250,188,27048,672,94.580138292,0.00428562500019,13.711305167,13.85334823,-0.142043062967,34.5514502259,26.0205451908,0.495535714286,59.7592756837,0.239035594036,15977,0
depth8_lr0p08,depth8_lr0p08_l25_trees250,2010-02-01,8,0.08,5,250,250,27048,672,94.580138292,0.00251804199979,14.4266941513,13.85334823,0.573345921276,34.9983589615,25.4778933098,0.43005952381,49.4535859647,0.245123857624,21035,10
depth8_lr0p08,depth8_lr0p08_l25_trees125,2010-03-01,8,0.08,5,250,125,27720,744,95.577610125,0.0043142909999,8.13392698245,6.757414947,1.37651203545,20.5071369596,-11.5944671455,0.463709677419,53.4928942991,0.240764092538,14470,0
depth8_lr0p08,depth8_lr0p08_l25_trees188,2010-03-01,8,0.08,5,250,188,27720,744,95.577610125,0.00963066699842,8.8549886659,6.757414947,2.0975737189,20.9044344634,-12.0318744655,0.353494623656,41.278184051,0.257628977952,22305,9
depth8_lr0p08,depth8_lr0p08_l25_trees250,2010-03-01,8,0.08,5,250,250,27720,744,95.577610125,0.00280620899866,8.99022451019,6.757414947,2.23280956319,20.5145141574,-12.7822198263,0.263440860215,31.7338914804,0.277267296622,29166,50
depth8_lr0p08,depth8_lr0p08_l25_trees125,2010-04-01,8,0.08,5,250,125,28464,720,97.837881916,0.0106630829996,5.19411872352,3.642027459,1.55209126452,13.7286614922,-8.65379774279,0.5625,40.9987414335,0.27962962963,4721,0
depth8_lr0p08,depth8_lr0p08_l25_trees188,2010-04-01,8,0.08,5,250,188,28464,720,97.837881916,0.00344533299904,5.9168168462,3.642027459,2.2747893872,15.0212171608,-10.4174002741,0.384722222222,34.33791304,0.316927609428,12336,0
depth8_lr0p08,depth8_lr0p08_l25_trees250,2010-04-01,8,0.08,5,250,250,28464,720,97.837881916,0.00243920799949,6.2793539927,3.642027459,2.6373265337,15.6144792702,-11.0086221859,0.341666666667,30.6836972943,0.325154320988,16336,0
depth8_lr0p08,depth8_lr0p08_l25_trees125,2010-05-01,8,0.08,5,250,125,29184,744,99.304713,0.00428333399941,5.80868945472,7.10266967,-1.29398021528,15.0707192093,9.06234742623,0.744623655914,36.4936271347,0.0756793743891,5749,0
depth8_lr0p08,depth8_lr0p08_l25_trees188,2010-05-01,8,0.08,5,250,188,29184,744,99.304713,0.00329362499906,5.83532367597,7.10266967,-1.26734599403,14.755036205,8.37196716532,0.693548387097,32.5364810037,0.0815520799392,9695,0
depth8_lr0p08,depth8_lr0p08_l25_trees250,2010-05-01,8,0.08,5,250,250,29184,744,99.304713,0.00247841700002,5.93984399587,7.10266967,-1.16282567413,14.7598681272,8.25538269735,0.657258064516,29.4826510584,0.0938731400022,13295,0
depth8_lr0p08,depth8_lr0p08_l25_trees125,2010-06-01,8,0.08,5,250,125,29928,720,100.645577792,0.00501516599979,11.2037090389,13.70310638,-2.49939734112,29.6028005163,22.0201695715,0.534722222222,57.1529311911,0.253002244669,5811,0
depth8_lr0p08,depth8_lr0p08_l25_trees188,2010-06-01,8,0.08,5,250,188,29928,720,100.645577792,0.00415975000033,11.8204132745,13.70310638,-1.88269310554,30.3917421942,23.4377688352,0.423611111111,49.3671625122,0.277272727273,9733,0
depth8_lr0p08,depth8_lr0p08_l25_trees250,2010-06-01,8,0.08,5,250,250,29928,720,100.645577792,0.00234999999884,12.2394549427,13.70310638,-1.4636514373,30.5772640814,23.5907547896,0.372222222222,43.7176469024,0.282727272727,13394,0
depth8_lr0p08,depth8_lr0p08_l25_trees125,2010-07-01,8,0.08,5,250,125,30648,744,102.789454833,0.0113995419997,9.78714022968,10.77537067,-0.98823044032,24.8060272504,8.15141656054,0.423387096774,45.7164119342,0.16335016835,8972,0
depth8_lr0p08,depth8_lr0p08_l25_trees188,2010-07-01,8,0.08,5,250,188,30648,744,102.789454833,0.00232750000032,10.5383844106,10.77537067,-0.23698625937,25.126495297,8.27206634855,0.311827956989,34.8756582642,0.184049636146,17233,0
depth8_lr0p08,depth8_lr0p08_l25_trees250,2010-07-01,8,0.08,5,250,250,30648,744,102.789454833,0.0105772920015,11.1462886989,10.77537067,0.37091802887,25.5370969209,8.08759975124,0.270161290323,28.622032638,0.198987183665,23275,4
depth8_lr0p08,depth8_lr0p08_l25_trees125,2010-08-01,8,0.08,5,250,125,31392,744,103.138368584,0.00467879200005,6.92129525793,6.574447448,0.346847809928,19.1313008968,9.82322253607,0.778225806452,56.0232921248,0.10027696318,3586,0
depth8_lr0p08,depth8_lr0p08_l25_trees188,2010-08-01,8,0.08,5,250,188,31392,744,103.138368584,0.0033199999998,7.13044892852,6.574447448,0.556001480517,18.8561760592,8.64962496935,0.682795698925,46.2855451627,0.107811990877,8722,0
depth8_lr0p08,depth8_lr0p08_l25_trees250,2010-08-01,8,0.08,5,250,250,31392,744,103.138368584,0.00248195800123,7.3941821248,6.574447448,0.819734676799,19.2302197791,8.84129682196,0.623655913978,41.6698176972,0.119150103182,11804,0
depth8_lr0p08,depth8_lr0p08_l25_trees125,2010-09-01,8,0.08,5,250,125,32136,720,104.010403459,0.00604762500006,6.17499338825,7.706400278,-1.53140688975,16.8469883809,6.68175130223,0.723611111111,44.3904956377,0.0772334455668,5425,0
depth8_lr0p08,depth8_lr0p08_l25_trees188,2010-09-01,8,0.08,5,250,188,32136,720,104.010403459,0.00320908299909,6.51562517035,7.706400278,-1.19077510765,17.1773582829,6.40517621361,0.6125,36.5113733949,0.103852413019,10932,0
depth8_lr0p08,depth8_lr0p08_l25_trees250,2010-09-01,8,0.08,5,250,250,32136,720,104.010403459,0.00235062499996,6.53865430661,7.706400278,-1.16774597139,16.9797824012,5.861117712,0.566666666667,32.7483049613,0.11180976431,13987,1
depth8_lr0p08,depth8_lr0p08_l25_trees125,2010-10-01,8,0.08,5,250,125,32856,744,107.839754792,0.00545491699995,5.16569450167,3.510557406,1.65513709567,13.703628084,-9.09699385173,0.645161290323,42.4391014763,0.244026284349,3256,0
depth8_lr0p08,depth8_lr0p08_l25_trees188,2010-10-01,8,0.08,5,250,188,32856,744,107.839754792,0.00243525000042,5.48680399474,3.510557406,1.97624658874,14.408655982,-9.6478817942,0.556451612903,37.6403895463,0.259639404801,7018,0
depth8_lr0p08,depth8_lr0p08_l25_trees250,2010-10-01,8,0.08,5,250,250,32856,744,107.839754792,0.00253991699901,5.55737203619,3.510557406,2.04681463019,14.3786217274,-9.64705904422,0.47311827957,31.9869390831,0.267773433257,12468,0
depth8_lr0p08,depth8_lr0p08_l25_trees125,2010-11-01,8,0.08,5,250,125,33600,720,116.715731834,0.00520387500001,5.7581901374,5.645941032,0.112249105404,15.851217663,-3.12071535045,0.801388888889,55.2175007901,0.0750252525253,3841,0
depth8_lr0p08,depth8_lr0p08_l25_trees188,2010-11-01,8,0.08,5,250,188,33600,720,116.715731834,0.00484074999986,5.75076629722,5.645941032,0.104825265224,15.7504325301,-3.46248378049,0.770833333333,51.0688382186,0.0791386083053,6438,0
depth8_lr0p08,depth8_lr0p08_l25_trees250,2010-11-01,8,0.08,5,250,250,33600,720,116.715731834,0.00309279099929,5.82305651163,5.645941032,0.177115479629,15.8176782775,-3.52746197667,0.748611111111,47.3935596529,0.0804012345679,8549,0
depth8_lr0p08,depth8_lr0p08_l25_trees125,2010-12-01,8,0.08,5,250,125,34320,744,128.948797375,0.00580312500097,23.0583974205,21.20801128,1.85038614053,54.8632421099,52.3859913981,0.185483870968,57.1479076319,0.418966004127,9401,0
depth8_lr0p08,depth8_lr0p08_l25_trees188,2010-12-01,8,0.08,5,250,188,34320,744,128.948797375,0.00369212500118,24.7390509398,21.20801128,3.53103965978,56.4359426525,53.9668397721,0.146505376344,48.432618081,0.426799717606,15485,30
depth8_lr0p08,depth8_lr0p08_l25_trees250,2010-12-01,8,0.08,5,250,250,34320,744,128.948797375,0.00282216699998,25.6243182105,21.20801128,4.41630693047,57.3086689082,54.6142701544,0.131720430108,45.6859628038,0.427030520256,19142,77
