base_candidate,candidate,origin,depth,learning_rate,l2_leaf_reg,max_iterations,iterations,training_rows,evaluation_rows,fit_seconds,prediction_seconds,pinball_loss,baseline_pinball_loss,pinball_difference,median_mae,median_bias,coverage_90,mean_width_90,invalid_90_intervals,mean_absolute_calibration_error,quantile_crossings
depth3_lr0p08_l21,depth3_lr0p08_l21_trees75,2010-01-01,3,0.08,1,125,75,26304,744,9.156013833,0.00389125,16.4185130281,21.02048069,-4.60196766193,45.2924489223,11.3454332081,0.659946236559,107.39798726,0,0.103103073748,0
depth3_lr0p08_l21,depth3_lr0p08_l21_trees100,2010-01-01,3,0.08,1,125,100,26304,744,9.156013833,0.001757167,16.3816228328,21.02048069,-4.63885785724,45.2057203371,9.80469672063,0.647849462366,106.981257082,0,0.103227978712,0
depth3_lr0p08_l21,depth3_lr0p08_l21_trees125,2010-01-01,3,0.08,1,125,125,26304,744,9.156013833,0.001696334,16.4098722561,21.02048069,-4.6106084339,45.3841555563,7.72240371987,0.646505376344,107.033961345,0,0.104700228087,0
depth3_lr0p08_l21,depth3_lr0p08_l21_trees75,2010-02-01,3,0.08,1,125,75,27048,672,8.498794125,0.001648625,9.99749458878,13.85334823,-3.85585364122,32.5677085423,29.0401240601,0.971726190476,129.627352133,0,0.160794252044,6
depth3_lr0p08_l21,depth3_lr0p08_l21_trees100,2010-02-01,3,0.08,1,125,100,27048,672,8.498794125,0.001523042,8.26378619527,13.85334823,-5.58956203473,23.6094794227,13.7960357309,0.971726190476,121.365652011,0,0.0965253727754,178
depth3_lr0p08_l21,depth3_lr0p08_l21_trees125,2010-02-01,3,0.08,1,125,125,27048,672,8.498794125,0.001677417,8.0782657218,13.85334823,-5.7750825082,20.9845732513,3.20428247552,0.941964285714,114.030748691,0,0.0874037999038,874
depth3_lr0p08_l21,depth3_lr0p08_l21_trees75,2010-03-01,3,0.08,1,125,75,27720,744,8.848494375,0.012223375,8.5529859135,6.757414947,1.7955709665,23.900523684,-12.6108250825,0.708333333333,86.3208403092,0,0.203622243945,16
depth3_lr0p08_l21,depth3_lr0p08_l21_trees100,2010-03-01,3,0.08,1,125,100,27720,744,8.848494375,0.001631542,8.50445864148,6.757414947,1.74704369448,23.7628419875,-12.2124079903,0.688172043011,84.7872103823,0,0.203676550451,76
depth3_lr0p08_l21,depth3_lr0p08_l21_trees125,2010-03-01,3,0.08,1,125,125,27720,744,8.848494375,0.001843291,8.23156644402,6.757414947,1.47415149702,22.8407058747,-9.95152791074,0.684139784946,83.9724193415,0,0.19164765939,326
depth3_lr0p08_l21,depth3_lr0p08_l21_trees75,2010-04-01,3,0.08,1,125,75,28464,720,8.879646167,0.00167025,3.92209845342,3.642027459,0.280070994422,10.4567020536,-2.89624187515,0.923611111111,53.1505089064,0,0.127847923681,185
depth3_lr0p08_l21,depth3_lr0p08_l21_trees100,2010-04-01,3,0.08,1,125,100,28464,720,8.879646167,0.001533667,3.78288356138,3.642027459,0.140856102384,10.1014194055,-2.06153660634,0.908333333333,49.932488503,0,0.110412457912,644
depth3_lr0p08_l21,depth3_lr0p08_l21_trees125,2010-04-01,3,0.08,1,125,125,28464,720,8.879646167,0.001695333,3.75221216348,3.642027459,0.110184704478,9.99102940759,-1.76252187276,0.901388888889,49.2777939999,0,0.106632996633,857
depth3_lr0p08_l21,depth3_lr0p08_l21_trees75,2010-05-01,3,0.08,1,125,75,29184,744,9.157152708,0.008201792,5.81462720029,7.10266967,-1.28804246971,16.3594951766,3.24342088196,0.900537634409,64.0195777876,0,0.043513630933,37
depth3_lr0p08_l21,depth3_lr0p08_l21_trees100,2010-05-01,3,0.08,1,125,100,29184,744,9.157152708,0.001601458,5.85606615739,7.10266967,-1.24660351261,16.6396958852,2.01526528436,0.880376344086,62.5010544009,0,0.0566873031389,149
depth3_lr0p08_l21,depth3_lr0p08_l21_trees125,2010-05-01,3,0.08,1,125,125,29184,744,9.157152708,0.001951125,5.85989667089,7.10266967,-1.24277299911,16.6480433761,2.10272857968,0.862903225806,59.9867216604,0,0.0633794938634,201
depth3_lr0p08_l21,depth3_lr0p08_l21_trees75,2010-06-01,3,0.08,1,125,75,29928,720,9.184171917,0.001590417,9.59916623984,13.70310638,-4.10394014016,27.7540435092,22.3627898916,0.85,85.5818940182,0,0.249116161616,0
depth3_lr0p08_l21,depth3_lr0p08_l21_trees100,2010-06-01,3,0.08,1,125,100,29928,720,9.184171917,0.001490333,9.54582723134,13.70310638,-4.15727914866,27.5543156117,22.0412422972,0.834722222222,82.6892605313,0,0.252988215488,1
depth3_lr0p08_l21,depth3_lr0p08_l21_trees125,2010-06-01,3,0.08,1,125,125,29928,720,9.184171917,0.0016895,8.87584494752,13.70310638,-4.82726143248,25.6014834238,19.4746380613,0.847222222222,81.2455767905,0,0.241203703704,1
depth3_lr0p08_l21,depth3_lr0p08_l21_trees75,2010-07-01,3,0.08,1,125,75,30648,744,9.89702575,0.00887616700001,8.28639000838,10.77537067,-2.48898066162,23.2315356223,0.518561654202,0.85752688172,90.3078686656,0,0.0236825241664,0
depth3_lr0p08_l21,depth3_lr0p08_l21_trees100,2010-07-01,3,0.08,1,125,100,30648,744,9.89702575,0.002367083,8.336338949,10.77537067,-2.439031721,23.2316994237,-4.35330012609,0.845430107527,89.9862325422,0,0.0393103073748,0
depth3_lr0p08_l21,depth3_lr0p08_l21_trees125,2010-07-01,3,0.08,1,125,125,30648,744,9.89702575,0.00184766700001,8.7741021143,10.77537067,-2.0012685557,24.0899429906,-10.2586329826,0.825268817204,88.7154973427,0,0.099100684262,0
depth3_lr0p08_l21,depth3_lr0p08_l21_trees75,2010-08-01,3,0.08,1,125,75,31392,744,9.761304333,0.00178591700001,6.22754107661,6.574447448,-0.346906371389,16.8034908185,-4.45084076262,0.967741935484,93.1182750201,0,0.0658960573477,0
depth3_lr0p08_l21,depth3_lr0p08_l21_trees100,2010-08-01,3,0.08,1,125,100,31392,744,9.761304333,0.001581,6.05193197714,6.574447448,-0.522515470859,16.4934520416,-4.98246844336,0.967741935484,87.5536930313,0,0.0665732594765,0
depth3_lr0p08_l21,depth3_lr0p08_l21_trees125,2010-08-01,3,0.08,1,125,125,31392,744,9.761304333,0.00176949999999,6.0392139449,6.574447448,-0.535233503099,16.5349094801,-5.40811505669,0.966397849462,86.4055445681,0,0.0705398066688,0
depth3_lr0p08_l21,depth3_lr0p08_l21_trees75,2010-09-01,3,0.08,1,125,75,32136,720,9.8815195,0.004105334,6.44138126829,7.706400278,-1.26501900971,17.7262034876,6.16439074575,0.886111111111,69.5062319818,0,0.0524270482604,0
depth3_lr0p08_l21,depth3_lr0p08_l21_trees100,2010-09-01,3,0.08,1,125,100,32136,720,9.8815195,0.002377458,6.41295657892,7.706400278,-1.29344369908,17.6538592939,5.94716982637,0.869444444444,66.1261633787,0,0.0484287317621,1
depth3_lr0p08_l21,depth3_lr0p08_l21_trees125,2010-09-01,3,0.08,1,125,125,32136,720,9.8815195,0.00207054100001,6.4738834055,7.706400278,-1.2325168725,17.8947410194,6.94376608499,0.8625,64.5294600063,0,0.0588047138047,13
depth3_lr0p08_l21,depth3_lr0p08_l21_trees75,2010-10-01,3,0.08,1,125,75,32856,744,10.110442583,0.001708166,4.02461048272,3.510557406,0.514053076718,10.881575682,-4.31704939683,0.927419354839,59.6637652978,0,0.130252525253,16
depth3_lr0p08_l21,depth3_lr0p08_l21_trees100,2010-10-01,3,0.08,1,125,100,32856,744,10.110442583,0.00158962500001,4.10629237984,3.510557406,0.59573497384,11.0476493898,-4.40643989341,0.869623655914,56.0590498763,0,0.145568589117,109
depth3_lr0p08_l21,depth3_lr0p08_l21_trees125,2010-10-01,3,0.08,1,125,125,32856,744,10.110442583,0.001785709,4.1148785105,3.510557406,0.604321104502,11.0344637657,-4.21213332936,0.845430107527,53.6044461442,0,0.148161724775,178
depth3_lr0p08_l21,depth3_lr0p08_l21_trees75,2010-11-01,3,0.08,1,125,75,33600,720,11.041475458,0.00450225,5.86010024094,5.645941032,0.21415920894,15.4712267038,-4.55728520226,0.936111111111,89.0438352067,0,0.0865095398429,0
depth3_lr0p08_l21,depth3_lr0p08_l21_trees100,2010-11-01,3,0.08,1,125,100,33600,720,11.041475458,0.00173712500001,5.80166637748,5.645941032,0.155725345484,15.4162274425,-4.00492029199,0.911111111111,85.941054753,0,0.085625701459,0
depth3_lr0p08_l21,depth3_lr0p08_l21_trees125,2010-11-01,3,0.08,1,125,125,33600,720,11.041475458,0.001884,5.83028975695,5.645941032,0.18434872495,15.5356639531,-4.46059096805,0.897222222222,84.9436814532,0,0.0930836139169,3
depth3_lr0p08_l21,depth3_lr0p08_l21_trees75,2010-12-01,3,0.08,1,125,75,34320,744,10.527929042,0.001885042,17.3303766285,21.20801128,-3.87763465152,47.6650119743,44.3318194517,0.620967741935,101.846010713,0,0.337677853807,0
depth3_lr0p08_l21,depth3_lr0p08_l21_trees100,2010-12-01,3,0.08,1,125,100,34320,744,10.527929042,0.001867041,17.674194654,21.20801128,-3.533816626,47.8696058069,44.5843861244,0.576612903226,97.4838964877,0,0.346477136961,0
depth3_lr0p08_l21,depth3_lr0p08_l21_trees125,2010-12-01,3,0.08,1,125,125,34320,744,10.527929042,0.002064375,17.7495837345,21.20801128,-3.45842754547,47.8815908561,44.6316248774,0.568548387097,96.1258040691,0,0.349939176713,0
depth3_lr0p08_l220,depth3_lr0p08_l220_trees75,2010-01-01,3,0.08,20,125,75,26304,744,8.483777417,0.00284925,16.4092029077,21.02048069,-4.61127778232,45.404702364,12.8536610399,0.655913978495,109.365858202,0,0.099724666015,0
depth3_lr0p08_l220,depth3_lr0p08_l220_trees100,2010-01-01,3,0.08,20,125,100,26304,744,8.483777417,0.001869916,16.4430910564,21.02048069,-4.57738963362,45.3429696847,8.30515503508,0.64247311828,105.542918659,0,0.104710003258,0
depth3_lr0p08_l220,depth3_lr0p08_l220_trees125,2010-01-01,3,0.08,20,125,125,26304,744,8.483777417,0.00186645799999,16.6251413788,21.02048069,-4.3953393112,45.9220104793,4.75754416722,0.631720430108,105.006660456,0,0.109147387857,2
depth3_lr0p08_l220,depth3_lr0p08_l220_trees75,2010-02-01,3,0.08,20,125,75,27048,672,8.961118792,0.002740209,10.1260026324,13.85334823,-3.72734559757,33.1077750382,29.8091011863,0.971726190476,128.611464979,0,0.169944083694,0
depth3_lr0p08_l220,depth3_lr0p08_l220_trees100,2010-02-01,3,0.08,20,125,100,27048,672,8.961118792,0.001793083,9.6991273296,13.85334823,-4.1542209004,33.0445695707,29.7224112896,0.979166666667,131.810767084,0,0.12740981241,44
depth3_lr0p08_l220,depth3_lr0p08_l220_trees125,2010-02-01,3,0.08,20,125,125,27048,672,8.961118792,0.00202166599999,8.52892554721,13.85334823,-5.32442268279,22.1064010232,8.89708446157,0.950892857143,119.155329879,0,0.119552068302,586
depth3_lr0p08_l220,depth3_lr0p08_l220_trees75,2010-03-01,3,0.08,20,125,75,27720,744,8.768616208,0.00183920899997,8.47313730333,6.757414947,1.71572235633,23.4894754042,-11.9072099386,0.700268817204,83.8644973234,0,0.202848376235,53
depth3_lr0p08_l220,depth3_lr0p08_l220_trees100,2010-03-01,3,0.08,20,125,100,27720,744,8.768616208,0.00152216700002,8.62899611601,6.757414947,1.87158116901,23.5841569306,-12.0814565089,0.65188172043,79.6200660355,0,0.212270555012,266
depth3_lr0p08_l220,depth3_lr0p08_l220_trees125,2010-03-01,3,0.08,20,125,125,27720,744,8.768616208,0.001748083,8.69893196433,6.757414947,1.94151701733,23.6559016161,-12.2353642495,0.637096774194,78.7812157949,0,0.216153470186,438
depth3_lr0p08_l220,depth3_lr0p08_l220_trees75,2010-04-01,3,0.08,20,125,75,28464,720,8.744132417,0.00175770799996,3.92500104266,3.642027459,0.282973583656,10.4688075958,-2.92185879963,0.925,53.1269401683,0,0.128184624018,193
depth3_lr0p08_l220,depth3_lr0p08_l220_trees100,2010-04-01,3,0.08,20,125,100,28464,720,8.744132417,0.00176812500001,3.83001465642,3.642027459,0.187987197423,10.197359276,-2.33597460785,0.911111111111,51.3343305759,0,0.117067901235,598
depth3_lr0p08_l220,depth3_lr0p08_l220_trees125,2010-04-01,3,0.08,20,125,125,28464,720,8.744132417,0.00169795800002,3.79344331809,3.642027459,0.151415859091,10.1433621617,-2.25674883322,0.8875,49.9022082456,0,0.121851851852,705
depth3_lr0p08_l220,depth3_lr0p08_l220_trees75,2010-05-01,3,0.08,20,125,75,29184,744,9.076071875,0.00279725000001,5.85089122557,7.10266967,-1.25177844443,16.5370792512,3.23806311237,0.916666666667,65.150568663,0,0.0415547952645,0
depth3_lr0p08_l220,depth3_lr0p08_l220_trees100,2010-05-01,3,0.08,20,125,100,29184,744,9.076071875,0.00154279099996,5.88537415656,7.10266967,-1.21729551344,16.7271079999,2.60231192495,0.891129032258,63.948969334,0,0.0472216791572,39
depth3_lr0p08_l220,depth3_lr0p08_l220_trees125,2010-05-01,3,0.08,20,125,125,29184,744,9.076071875,0.00175591699997,5.95053939332,7.10266967,-1.15213027668,17.0354879012,1.35135983833,0.870967741935,63.2490204637,0,0.0634690995981,114
depth3_lr0p08_l220,depth3_lr0p08_l220_trees75,2010-06-01,3,0.08,20,125,75,29928,720,9.444027917,0.00832120800004,9.59783397082,13.70310638,-4.10527240918,27.7526803066,22.3611344802,0.85,85.5726230136,0,0.249017957351,0
depth3_lr0p08_l220,depth3_lr0p08_l220_trees100,2010-06-01,3,0.08,20,125,100,29928,720,9.444027917,0.00197308399999,9.5528187362,13.70310638,-4.1502876438,27.579385505,21.9914271433,0.838888888889,83.9221947151,0,0.248975869809,1
depth3_lr0p08_l220,depth3_lr0p08_l220_trees125,2010-06-01,3,0.08,20,125,125,29928,720,9.444027917,0.00175412499999,9.01931486355,13.70310638,-4.68379151645,26.2013343121,20.3049798492,0.8625,81.9894765155,0,0.243308080808,2
depth3_lr0p08_l220,depth3_lr0p08_l220_trees75,2010-07-01,3,0.08,20,125,75,30648,744,9.420785375,0.00181766700001,8.29091679001,10.77537067,-2.48445387999,23.2970193985,1.89839306258,0.861559139785,90.2457313226,0,0.0340328011296,0
depth3_lr0p08_l220,depth3_lr0p08_l220_trees100,2010-07-01,3,0.08,20,125,100,30648,744,9.420785375,0.00162645799998,8.22334382067,10.77537067,-2.55202684933,23.0063889845,-1.81177394074,0.838709677419,88.2092958909,0,0.0188861735636,0
depth3_lr0p08_l220,depth3_lr0p08_l220_trees125,2010-07-01,3,0.08,20,125,125,30648,744,9.420785375,0.00179570899996,8.31516878127,10.77537067,-2.46020188873,23.0637871838,-5.28905555223,0.823924731183,86.6354167242,0,0.0470098837841,0
depth3_lr0p08_l220,depth3_lr0p08_l220_trees75,2010-08-01,3,0.08,20,125,75,31392,744,10.158110417,0.003212459,6.23411733551,6.574447448,-0.340330112493,16.8115050824,-4.34197782528,0.965053763441,92.9726130471,0,0.0650543065059,0
depth3_lr0p08_l220,depth3_lr0p08_l220_trees100,2010-08-01,3,0.08,20,125,100,31392,744,10.158110417,0.00184995799998,6.05586586592,6.574447448,-0.518581582077,16.4989408935,-4.77922622169,0.965053763441,87.3105355792,0,0.0650021722602,0
depth3_lr0p08_l220,depth3_lr0p08_l220_trees125,2010-08-01,3,0.08,20,125,125,31392,744,10.158110417,0.00192720800004,6.04726866334,6.574447448,-0.527178784658,16.5915190831,-6.03969426532,0.967741935484,86.5464265728,0,0.0769305962854,0
depth3_lr0p08_l220,depth3_lr0p08_l220_trees75,2010-09-01,3,0.08,20,125,75,32136,720,9.9205195,0.00396308299997,6.44098947775,7.706400278,-1.26541080025,17.7283556797,6.24699262286,0.8875,69.8176236435,0,0.0530303030303,0
depth3_lr0p08_l220,depth3_lr0p08_l220_trees100,2010-09-01,3,0.08,20,125,100,32136,720,9.9205195,0.00256354200002,6.45290441691,7.706400278,-1.25349586109,17.7624118863,6.72573318294,0.865277777778,65.9110399486,0,0.0600028058361,3
depth3_lr0p08_l220,depth3_lr0p08_l220_trees125,2010-09-01,3,0.08,20,125,125,32136,720,9.9205195,0.001851542,6.48244690847,7.706400278,-1.22395336953,17.8178430544,6.92759508185,0.848611111111,62.7621191476,0,0.0661980920314,43
depth3_lr0p08_l220,depth3_lr0p08_l220_trees75,2010-10-01,3,0.08,20,125,75,32856,744,10.24405175,0.001962709,3.99116539131,3.510557406,0.480607985315,10.7787411256,-4.05290262931,0.92876344086,59.1012410247,0,0.125622895623,14
depth3_lr0p08_l220,depth3_lr0p08_l220_trees100,2010-10-01,3,0.08,20,125,100,32856,744,10.24405175,0.00187862500002,4.05305759872,3.510557406,0.542500192723,10.9945351381,-4.39313918391,0.895161290323,56.4797840373,0,0.141441294667,78
depth3_lr0p08_l220,depth3_lr0p08_l220_trees125,2010-10-01,3,0.08,20,125,125,32856,744,10.24405175,0.00210391600001,4.17812068633,3.510557406,0.66756328033,11.3100029983,-4.73406453881,0.852150537634,54.4371307017,0,0.153836754643,145
depth3_lr0p08_l220,depth3_lr0p08_l220_trees75,2010-11-01,3,0.08,20,125,75,33600,720,10.508386167,0.00447270799998,5.80963876743,5.645941032,0.163697735427,15.5128981878,-3.5638318395,0.934722222222,86.9597631826,0,0.0753984287318,0
depth3_lr0p08_l220,depth3_lr0p08_l220_trees100,2010-11-01,3,0.08,20,125,100,33600,720,10.508386167,0.00213779199998,5.85866977225,5.645941032,0.212728740247,15.6933239549,-4.3373133699,0.905555555556,85.3256705332,0,0.0889450056117,3
depth3_lr0p08_l220,depth3_lr0p08_l220_trees125,2010-11-01,3,0.08,20,125,125,33600,720,10.508386167,0.00183358300001,5.8785340029,5.645941032,0.232592970898,15.833220296,-4.83931682932,0.890277777778,82.9849480254,0,0.0947109988777,26
depth3_lr0p08_l220,depth3_lr0p08_l220_trees75,2010-12-01,3,0.08,20,125,75,34320,744,10.545482958,0.00189591700001,17.3471987972,21.20801128,-3.86081248276,47.6999058769,44.3732410783,0.619623655914,101.764404921,0,0.337990116216,0
depth3_lr0p08_l220,depth3_lr0p08_l220_trees100,2010-12-01,3,0.08,20,125,100,34320,744,10.545482958,0.001718541,17.5008386367,21.20801128,-3.70717264333,47.7101936674,44.389808549,0.599462365591,99.1153195696,0,0.342444878896,0
depth3_lr0p08_l220,depth3_lr0p08_l220_trees125,2010-12-01,3,0.08,20,125,125,34320,744,10.545482958,0.0018005,17.7369551341,21.20801128,-3.47105614592,47.8576814348,44.5696874549,0.564516129032,96.1511321576,0,0.348608667318,0
depth3_lr0p08_l25,depth3_lr0p08_l25_trees75,2010-01-01,3,0.08,5,125,75,26304,744,8.659319791,0.00319974999999,16.4185130281,21.02048069,-4.60196766193,45.2924489223,11.3454332081,0.659946236559,107.39798726,0,0.103103073748,0
depth3_lr0p08_l25,depth3_lr0p08_l25_trees100,2010-01-01,3,0.08,5,125,100,26304,744,8.659319791,0.00161187499999,16.3815127876,21.02048069,-4.63896790238,45.2003271942,9.74174714846,0.647849462366,107.052058914,0,0.103214402085,0
depth3_lr0p08_l25,depth3_lr0p08_l25_trees125,2010-01-01,3,0.08,5,125,125,26304,744,8.659319791,0.001888458,16.4223912712,21.02048069,-4.59808941875,45.3971427708,7.34621761339,0.646505376344,107.164859133,0,0.105085804279,0
depth3_lr0p08_l25,depth3_lr0p08_l25_trees75,2010-02-01,3,0.08,5,125,75,27048,672,8.642361291,0.00216820900002,10.0011910568,13.85334823,-3.85215717323,32.6006348649,29.0834941887,0.971726190476,129.367643898,0,0.16104978355,6
depth3_lr0p08_l25,depth3_lr0p08_l25_trees100,2010-02-01,3,0.08,5,125,100,27048,672,8.642361291,0.0016,9.79366984737,13.85334823,-4.05967838263,32.343480711,28.7821457678,0.977678571429,129.487817345,0,0.157889009139,42
depth3_lr0p08_l25,depth3_lr0p08_l25_trees125,2010-02-01,3,0.08,5,125,125,27048,672,8.642361291,0.00166325000001,8.17936445861,13.85334823,-5.67398377139,21.6466237018,7.72539454085,0.950892857143,117.114831519,0,0.0994101731602,1326
depth3_lr0p08_l25,depth3_lr0p08_l25_trees75,2010-03-01,3,0.08,5,125,75,27720,744,8.720190417,0.00186554199999,8.5529859135,6.757414947,1.7955709665,23.900523684,-12.6108250825,0.708333333333,86.3208403092,0,0.203622243945,16
depth3_lr0p08_l25,depth3_lr0p08_l25_trees100,2010-03-01,3,0.08,5,125,100,27720,744,8.720190417,0.00156858300002,8.50445864148,6.757414947,1.74704369448,23.7628419875,-12.2124079903,0.688172043011,84.7872103823,0,0.203676550451,76
depth3_lr0p08_l25,depth3_lr0p08_l25_trees125,2010-03-01,3,0.08,5,125,125,27720,744,8.720190417,0.00195995799999,8.23156644402,6.757414947,1.47415149702,22.8407058747,-9.95152791074,0.684139784946,83.9724193415,0,0.19164765939,326
depth3_lr0p08_l25,depth3_lr0p08_l25_trees75,2010-04-01,3,0.08,5,125,75,28464,720,9.021718416,0.00476016599998,3.92209845342,3.642027459,0.280070994422,10.4567020536,-2.89624187515,0.923611111111,53.1505089064,0,0.127847923681,185
depth3_lr0p08_l25,depth3_lr0p08_l25_trees100,2010-04-01,3,0.08,5,125,100,28464,720,9.021718416,0.00211845899997,3.79280813555,3.642027459,0.150780676547,10.1182473688,-2.10866253284,0.9125,50.3968280216,0,0.10946969697,702
depth3_lr0p08_l25,depth3_lr0p08_l25_trees125,2010-04-01,3,0.08,5,125,125,28464,720,9.021718416,0.001826792,3.64064309055,3.642027459,-0.00138436845312,9.66539488992,-0.766148579621,0.909722222222,48.2655667061,0,0.0800897867565,897
depth3_lr0p08_l25,depth3_lr0p08_l25_trees75,2010-05-01,3,0.08,5,125,75,29184,744,9.135087375,0.00194975000002,5.8510813674,7.10266967,-1.2515883026,16.5400386215,3.21323738517,0.916666666667,65.1105960072,0,0.0417627891821,0
depth3_lr0p08_l25,depth3_lr0p08_l25_trees100,2010-05-01,3,0.08,5,125,100,29184,744,9.135087375,0.00153812500002,5.88191231471,7.10266967,-1.22075735529,16.7746896677,2.30287921146,0.89247311828,64.1378469319,0,0.0478608667318,126
depth3_lr0p08_l25,depth3_lr0p08_l25_trees125,2010-05-01,3,0.08,5,125,125,29184,744,9.135087375,0.001756667,6.04122798862,7.10266967,-1.06144168138,17.4746321942,0.27978754027,0.831989247312,62.3167883109,0,0.0822705550125,112
depth3_lr0p08_l25,depth3_lr0p08_l25_trees75,2010-06-01,3,0.08,5,125,75,29928,720,9.315009459,0.00199412500001,9.59916623984,13.70310638,-4.10394014016,27.7540435092,22.3627898916,0.85,85.5818940182,0,0.249116161616,0
depth3_lr0p08_l25,depth3_lr0p08_l25_trees100,2010-06-01,3,0.08,5,125,100,29928,720,9.315009459,0.001683625,9.54582723134,13.70310638,-4.15727914866,27.5543156117,22.0412422972,0.834722222222,82.6892605313,0,0.252988215488,1
depth3_lr0p08_l25,depth3_lr0p08_l25_trees125,2010-06-01,3,0.08,5,125,125,29928,720,9.315009459,0.00181391699999,8.87584494752,13.70310638,-4.82726143248,25.6014834238,19.4746380613,0.847222222222,81.2455767905,0,0.241203703704,1
depth3_lr0p08_l25,depth3_lr0p08_l25_trees75,2010-07-01,3,0.08,5,125,75,30648,744,9.411235875,0.00192924999999,8.28639000838,10.77537067,-2.48898066162,23.2315356223,0.518561654202,0.85752688172,90.3078686656,0,0.0236825241664,0
depth3_lr0p08_l25,depth3_lr0p08_l25_trees100,2010-07-01,3,0.08,5,125,100,30648,744,9.411235875,0.001805125,8.336338949,10.77537067,-2.439031721,23.2316994237,-4.35330012609,0.845430107527,89.9862325422,0,0.0393103073748,0
depth3_lr0p08_l25,depth3_lr0p08_l25_trees125,2010-07-01,3,0.08,5,125,125,30648,744,9.411235875,0.001772875,8.75717628689,10.77537067,-2.01819438311,24.1575289576,-8.84712946315,0.827956989247,88.2286525373,0,0.0853747148908,0
depth3_lr0p08_l25,depth3_lr0p08_l25_trees75,2010-08-01,3,0.08,5,125,75,31392,744,10.065386167,0.00289087499999,6.22754107661,6.574447448,-0.346906371389,16.8034908185,-4.45084076262,0.967741935484,93.1182750201,0,0.0658960573477,0
depth3_lr0p08_l25,depth3_lr0p08_l25_trees100,2010-08-01,3,0.08,5,125,100,31392,744,10.065386167,0.00191416700002,6.05193197714,6.574447448,-0.522515470859,16.4934520416,-4.98246844336,0.967741935484,87.5536930313,0,0.0665732594765,0
depth3_lr0p08_l25,depth3_lr0p08_l25_trees125,2010-08-01,3,0.08,5,125,125,31392,744,10.065386167,0.00197,6.0392139449,6.574447448,-0.535233503099,16.5349094801,-5.40811505669,0.966397849462,86.4055445681,0,0.0705398066688,0
depth3_lr0p08_l25,depth3_lr0p08_l25_trees75,2010-09-01,3,0.08,5,125,75,32136,720,10.055382,0.00197291699999,6.44138126829,7.706400278,-1.26501900971,17.7262034876,6.16439074575,0.886111111111,69.5062319818,0,0.0524270482604,0
depth3_lr0p08_l25,depth3_lr0p08_l25_trees100,2010-09-01,3,0.08,5,125,100,32136,720,10.055382,0.00159954200001,6.39973189829,7.706400278,-1.30666837971,17.6468661401,6.48532008013,0.873611111111,66.2317897117,0,0.0569444444444,0
depth3_lr0p08_l25,depth3_lr0p08_l25_trees125,2010-09-01,3,0.08,5,125,125,32136,720,10.055382,0.001713542,6.42492594774,7.706400278,-1.28147433026,17.7208350226,6.68865722636,0.858333333333,63.9028830192,0,0.0578198653199,0
depth3_lr0p08_l25,depth3_lr0p08_l25_trees75,2010-10-01,3,0.08,5,125,75,32856,744,10.539376625,0.001919792,4.02461048272,3.510557406,0.514053076718,10.881575682,-4.31704939683,0.927419354839,59.6637652978,0,0.130252525253,16
depth3_lr0p08_l25,depth3_lr0p08_l25_trees100,2010-10-01,3,0.08,5,125,100,32856,744,10.539376625,0.00172750000002,4.10629237984,3.510557406,0.59573497384,11.0476493898,-4.40643989341,0.869623655914,56.0590498763,0,0.145568589117,109
depth3_lr0p08_l25,depth3_lr0p08_l25_trees125,2010-10-01,3,0.08,5,125,125,32856,744,10.539376625,0.00193266599999,4.02008247071,3.510557406,0.509525064714,10.7660792268,-3.80417559542,0.854838709677,53.9488838333,0,0.141047572499,184
depth3_lr0p08_l25,depth3_lr0p08_l25_trees75,2010-11-01,3,0.08,5,125,75,33600,720,10.789675458,0.016709875,5.86010024094,5.645941032,0.21415920894,15.4712267038,-4.55728520226,0.936111111111,89.0438352067,0,0.0865095398429,0
depth3_lr0p08_l25,depth3_lr0p08_l25_trees100,2010-11-01,3,0.08,5,125,100,33600,720,10.789675458,0.00163866599999,5.80166637748,5.645941032,0.155725345484,15.4162274425,-4.00492029199,0.911111111111,85.941054753,0,0.085625701459,0
depth3_lr0p08_l25,depth3_lr0p08_l25_trees125,2010-11-01,3,0.08,5,125,125,33600,720,10.789675458,0.00180225,5.83028975695,5.645941032,0.18434872495,15.5356639531,-4.46059096805,0.897222222222,84.9436814532,0,0.0930836139169,3
depth3_lr0p08_l25,depth3_lr0p08_l25_trees75,2010-12-01,3,0.08,5,125,75,34320,744,10.587546833,0.00187233299999,17.3303766285,21.20801128,-3.87763465152,47.6650119743,44.3318194517,0.620967741935,101.846010713,0,0.337677853807,0
depth3_lr0p08_l25,depth3_lr0p08_l25_trees100,2010-12-01,3,0.08,5,125,100,34320,744,10.587546833,0.00167316699998,17.6263137242,21.20801128,-3.58169755578,47.8156533123,44.521009221,0.581989247312,97.950966248,0,0.34559465624,0
depth3_lr0p08_l25,depth3_lr0p08_l25_trees125,2010-12-01,3,0.08,5,125,125,34320,744,10.587546833,0.001763541,17.7093851218,21.20801128,-3.49862615816,47.7412800005,44.4627778905,0.564516129032,95.9975386285,0,0.349545454545,0
depth4_lr0p08_l21,depth4_lr0p08_l21_trees75,2010-01-01,4,0.08,1,125,75,26304,744,9.951012042,0.002970167,16.7427693544,21.02048069,-4.27771133556,45.9823429091,10.8868487399,0.625,104.617782926,0,0.109636689475,1
depth4_lr0p08_l21,depth4_lr0p08_l21_trees100,2010-01-01,4,0.08,1,125,100,26304,744,9.951012042,0.00160324999996,16.8462396637,21.02048069,-4.17424102625,46.2157024895,6.58868707795,0.614247311828,103.340429553,0,0.113876941458,8
depth4_lr0p08_l21,depth4_lr0p08_l21_trees125,2010-01-01,4,0.08,1,125,125,26304,744,9.951012042,0.00336566699997,16.8533116491,21.02048069,-4.16716904087,46.1391681551,5.04753182381,0.615591397849,103.123305917,0,0.115990007603,14
depth4_lr0p08_l21,depth4_lr0p08_l21_trees75,2010-02-01,4,0.08,1,125,75,27048,672,10.132443625,0.00287666700001,10.0763663174,13.85334823,-3.77698191261,29.7175448479,23.5383476071,0.953869047619,119.96350767,0,0.175007215007,0
depth4_lr0p08_l21,depth4_lr0p08_l21_trees100,2010-02-01,4,0.08,1,125,100,27048,672,10.132443625,0.00158979100001,8.53410972142,13.85334823,-5.31923850858,24.0841019184,12.143394106,0.947916666667,112.706161998,0,0.0938666426166,179
depth4_lr0p08_l21,depth4_lr0p08_l21_trees125,2010-02-01,4,0.08,1,125,125,27048,672,10.132443625,0.00192579099996,8.09892341316,13.85334823,-5.75442481684,22.4650978065,5.43884378459,0.919642857143,108.162245404,0,0.0486646224146,602
depth4_lr0p08_l21,depth4_lr0p08_l21_trees75,2010-03-01,4,0.08,1,125,75,27720,744,10.081928333,0.00197350000002,8.30700364382,6.757414947,1.54958869682,22.9544872078,-10.8127220287,0.697580645161,89.0171846261,0,0.195788530466,35
depth4_lr0p08_l21,depth4_lr0p08_l21_trees100,2010-03-01,4,0.08,1,125,100,27720,744,10.081928333,0.00173370799996,8.54375969499,6.757414947,1.78634474799,23.1749022912,-11.2440275236,0.65188172043,84.3128607036,0,0.208632019116,1154
depth4_lr0p08_l21,depth4_lr0p08_l21_trees125,2010-03-01,4,0.08,1,125,125,27720,744,10.081928333,0.00177016699996,9.79868106553,6.757414947,3.04126611853,25.7557560692,-16.7786538935,0.567204301075,81.1702869783,0,0.257263495167,3108
depth4_lr0p08_l21,depth4_lr0p08_l21_trees75,2010-04-01,4,0.08,1,125,75,28464,720,10.199076875,0.00167208300002,3.69271292283,3.642027459,0.0506854638279,9.61651261762,-1.12142157711,0.854166666667,48.1274348237,0,0.113686868687,419
depth4_lr0p08_l21,depth4_lr0p08_l21_trees100,2010-04-01,4,0.08,1,125,100,28464,720,10.199076875,0.00153595899997,3.61861340644,3.642027459,-0.0234140525558,9.44904975411,-0.626023571535,0.847222222222,46.0194478195,0,0.105732323232,583
depth4_lr0p08_l21,depth4_lr0p08_l21_trees125,2010-04-01,4,0.08,1,125,125,28464,720,10.199076875,0.00195395899999,3.62042754442,3.642027459,-0.0215999145827,9.47574552685,-0.719333855627,0.818055555556,44.2629331812,0,0.112480359147,623
depth4_lr0p08_l21,depth4_lr0p08_l21_trees75,2010-05-01,4,0.08,1,125,75,29184,744,10.588818625,0.00995216600001,5.83797503837,7.10266967,-1.26469463163,16.3036891477,3.78820899515,0.864247311828,58.6023611089,0,0.0316932768546,41
depth4_lr0p08_l21,depth4_lr0p08_l21_trees100,2010-05-01,4,0.08,1,125,100,29184,744,10.588818625,0.001598667,5.8800999938,7.10266967,-1.2225696762,16.370478423,3.52243596548,0.840053763441,55.8117699373,0,0.0412620831976,85
depth4_lr0p08_l21,depth4_lr0p08_l21_trees125,2010-05-01,4,0.08,1,125,125,29184,744,10.588818625,0.00178925,5.8319617177,7.10266967,-1.2707079523,16.3235011947,2.86754113953,0.83064516129,54.9937430131,0,0.0522743564679,105
depth4_lr0p08_l21,depth4_lr0p08_l21_trees75,2010-06-01,4,0.08,1,125,75,29928,720,10.666449375,0.00174116599999,9.92289487808,13.70310638,-3.78021150192,29.0396434655,24.1126818771,0.830555555556,83.961795761,0,0.246282267116,1
depth4_lr0p08_l21,depth4_lr0p08_l21_trees100,2010-06-01,4,0.08,1,125,100,29928,720,10.666449375,0.00200820800001,10.1602517646,13.70310638,-3.54285461541,29.3053416571,24.6667653523,0.758333333333,77.1311083628,0,0.26714365881,36
depth4_lr0p08_l21,depth4_lr0p08_l21_trees125,2010-06-01,4,0.08,1,125,125,29928,720,10.666449375,0.00183125000001,10.2477847224,13.70310638,-3.45532165757,29.243769567,24.4810426165,0.7125,72.9224205088,0,0.273611111111,80
depth4_lr0p08_l21,depth4_lr0p08_l21_trees75,2010-07-01,4,0.08,1,125,75,30648,744,10.984310333,0.00202037499997,8.28112300255,10.77537067,-2.49424766745,23.0647396196,-3.93460283111,0.822580645161,86.0026979378,0,0.0325920495275,0
depth4_lr0p08_l21,depth4_lr0p08_l21_trees100,2010-07-01,4,0.08,1,125,100,30648,744,10.984310333,0.00175145899999,8.37167551701,10.77537067,-2.40369515299,23.1322809632,-6.58439691566,0.807795698925,83.7364862559,0,0.0574475942218,0
depth4_lr0p08_l21,depth4_lr0p08_l21_trees125,2010-07-01,4,0.08,1,125,125,30648,744,10.984310333,0.00207550000005,8.74631125795,10.77537067,-2.02905941205,23.9414818817,-10.0702816652,0.788978494624,80.9238828808,0,0.0919930487672,4
depth4_lr0p08_l21,depth4_lr0p08_l21_trees75,2010-08-01,4,0.08,1,125,75,31392,744,11.709089375,0.00596158299999,5.98054988877,6.574447448,-0.593897559232,16.1054751204,-2.8458527133,0.952956989247,83.782038751,0,0.0510763549473,0
depth4_lr0p08_l21,depth4_lr0p08_l21_trees100,2010-08-01,4,0.08,1,125,100,31392,744,11.709089375,0.00211654100002,5.81622266716,6.574447448,-0.75822478084,15.7795644019,-2.73500803592,0.947580645161,79.4806718279,0,0.0438552188552,0
depth4_lr0p08_l21,depth4_lr0p08_l21_trees125,2010-08-01,4,0.08,1,125,125,31392,744,11.709089375,0.00186575000004,5.83955782098,6.574447448,-0.73488962702,15.975803943,-3.37491202222,0.94623655914,79.6389814729,0,0.0441962637124,0
depth4_lr0p08_l21,depth4_lr0p08_l21_trees75,2010-09-01,4,0.08,1,125,75,32136,720,11.601051417,0.00569654099996,6.55585620584,7.706400278,-1.15054407216,18.158318308,7.82114780199,0.870833333333,65.7889169543,0,0.0727272727273,8
depth4_lr0p08_l21,depth4_lr0p08_l21_trees100,2010-09-01,4,0.08,1,125,100,32136,720,11.601051417,0.00191654100001,6.61158455494,7.706400278,-1.09481572306,18.2949585272,8.39539869683,0.847222222222,63.3574426796,0,0.0803114478114,51
depth4_lr0p08_l21,depth4_lr0p08_l21_trees125,2010-09-01,4,0.08,1,125,125,32136,720,11.601051417,0.00198045799999,6.62212359022,7.706400278,-1.08427668778,18.3652367731,9.38102706403,0.834722222222,60.9239791015,0,0.0950841750842,92
depth4_lr0p08_l21,depth4_lr0p08_l21_trees75,2010-10-01,4,0.08,1,125,75,32856,744,11.721264167,0.00165908299999,4.04355769737,3.510557406,0.533000291374,11.0200570405,-3.84774415449,0.918010752688,57.110675449,0,0.112590963397,3
depth4_lr0p08_l21,depth4_lr0p08_l21_trees100,2010-10-01,4,0.08,1,125,100,32856,744,11.721264167,0.001649042,4.28383608886,3.510557406,0.773278682863,11.7419195026,-5.87731334045,0.802419354839,52.0924433469,0,0.181682415553,153
depth4_lr0p08_l21,depth4_lr0p08_l21_trees125,2010-10-01,4,0.08,1,125,125,32856,744,11.721264167,0.00182691700002,4.31078938842,3.510557406,0.800231982418,11.8291100922,-6.03266875531,0.766129032258,48.8973342178,0,0.189828391441,285
depth4_lr0p08_l21,depth4_lr0p08_l21_trees75,2010-11-01,4,0.08,1,125,75,33600,720,12.065959042,0.00254824999996,5.57118447462,5.645941032,-0.0747565573779,15.0242142887,-2.71864538626,0.906944444444,79.4099410082,0,0.0688973063973,21
depth4_lr0p08_l21,depth4_lr0p08_l21_trees100,2010-11-01,4,0.08,1,125,100,33600,720,12.065959042,0.00148141600005,5.57133544978,5.645941032,-0.0746055822176,15.0976430439,-3.28049063785,0.875,74.884421171,0,0.084455667789,55
depth4_lr0p08_l21,depth4_lr0p08_l21_trees125,2010-11-01,4,0.08,1,125,125,33600,720,12.065959042,0.002137834,5.48136433144,5.645941032,-0.164576700556,15.0233885954,-2.38303007242,0.869444444444,70.7726961803,0,0.0741582491582,63
depth4_lr0p08_l21,depth4_lr0p08_l21_trees75,2010-12-01,4,0.08,1,125,75,34320,744,12.072740583,0.00199429200001,17.7781324185,21.20801128,-3.42987886154,47.7644420694,44.6559369891,0.57123655914,96.2883983294,0,0.352327033779,0
depth4_lr0p08_l21,depth4_lr0p08_l21_trees100,2010-12-01,4,0.08,1,125,100,34320,744,12.072740583,0.001890291,18.21748906,21.20801128,-2.99052222,48.1144949199,45.062761737,0.520161290323,92.0582322941,0,0.361806777452,0
depth4_lr0p08_l21,depth4_lr0p08_l21_trees125,2010-12-01,4,0.08,1,125,125,34320,744,12.072740583,0.00294704099997,17.8786242678,21.20801128,-3.32938701221,47.0691699994,43.8455581774,0.512096774194,90.581649699,0,0.359239165852,0
depth4_lr0p08_l220,depth4_lr0p08_l220_trees75,2010-01-01,4,0.08,20,125,75,26304,744,10.251443916,0.00263291600004,16.6632709009,21.02048069,-4.35720978915,46.2200037726,15.8344545219,0.649193548387,109.627852859,0,0.102264038232,0
depth4_lr0p08_l220,depth4_lr0p08_l220_trees100,2010-01-01,4,0.08,20,125,100,26304,744,10.251443916,0.001629041,16.7278373969,21.02048069,-4.29264329308,46.502710492,12.8232025848,0.647849462366,108.053824499,0,0.10495275334,0
depth4_lr0p08_l220,depth4_lr0p08_l220_trees125,2010-01-01,4,0.08,20,125,125,26304,744,10.251443916,0.00184824999997,17.166576856,21.02048069,-3.85390383395,46.6475666161,11.1590037571,0.579301075269,97.9008565778,0,0.121230585424,7
depth4_lr0p08_l220,depth4_lr0p08_l220_trees75,2010-02-01,4,0.08,20,125,75,27048,672,9.668715584,0.00159925000003,9.17981603978,13.85334823,-4.67353219022,25.7714913523,16.833076827,0.964285714286,121.188863262,0,0.129106541607,18
depth4_lr0p08_l220,depth4_lr0p08_l220_trees100,2010-02-01,4,0.08,20,125,100,27048,672,9.668715584,0.00140116600005,8.77042213431,13.85334823,-5.08292609569,24.6170924315,14.4743022438,0.964285714286,119.24992364,0,0.113357984608,126
depth4_lr0p08_l220,depth4_lr0p08_l220_trees125,2010-02-01,4,0.08,20,125,125,27048,672,9.668715584,0.00159550000001,7.9821903557,13.85334823,-5.8711578743,21.5529546924,2.73846474821,0.94494047619,114.503728705,0,0.0606421356421,764
depth4_lr0p08_l220,depth4_lr0p08_l220_trees75,2010-03-01,4,0.08,20,125,75,27720,744,9.750446958,0.00155904199994,8.31581700928,6.757414947,1.55840206228,22.9164991426,-9.88465291996,0.680107526882,83.8923115605,0,0.193032475291,648
depth4_lr0p08_l220,depth4_lr0p08_l220_trees100,2010-03-01,4,0.08,20,125,100,27720,744,9.750446958,0.00149762499996,8.44990761982,6.757414947,1.69249267282,23.0741131469,-10.0067345544,0.658602150538,82.0536308656,0,0.199467796242,1265
depth4_lr0p08_l220,depth4_lr0p08_l220_trees125,2010-03-01,4,0.08,20,125,125,27720,744,9.750446958,0.00172666699996,8.45968574252,6.757414947,1.70227079552,22.9405056652,-9.75412742794,0.638440860215,79.3271174404,0,0.200811882263,1978
depth4_lr0p08_l220,depth4_lr0p08_l220_trees75,2010-04-01,4,0.08,20,125,75,28464,720,9.922759958,0.00162749999993,3.63650090718,3.642027459,-0.00552655182398,9.34296392815,0.327226072909,0.923611111111,48.8332477717,0,0.0686335578002,498
depth4_lr0p08_l220,depth4_lr0p08_l220_trees100,2010-04-01,4,0.08,20,125,100,28464,720,9.922759958,0.00155066599996,3.6300285239,3.642027459,-0.0119989351028,9.33893737844,0.340283003574,0.909722222222,47.5685063956,0,0.0665291806958,661
depth4_lr0p08_l220,depth4_lr0p08_l220_trees125,2010-04-01,4,0.08,20,125,125,28464,720,9.922759958,0.00172045900001,3.59873728789,3.642027459,-0.0432901711062,9.30024006975,0.338864228025,0.856944444444,44.0453524097,0,0.0831088664422,972
depth4_lr0p08_l220,depth4_lr0p08_l220_trees75,2010-05-01,4,0.08,20,125,75,29184,744,10.725204208,0.00255983299996,5.71024926983,7.10266967,-1.39242040017,15.908322723,4.33161064043,0.881720430108,59.2547705175,0,0.0254051265342,13
depth4_lr0p08_l220,depth4_lr0p08_l220_trees100,2010-05-01,4,0.08,20,125,100,29184,744,10.725204208,0.00151254100001,5.72752227004,7.10266967,-1.37514739996,15.9755865992,3.80778416842,0.858870967742,57.5160782007,0,0.035275333985,47
depth4_lr0p08_l220,depth4_lr0p08_l220_trees125,2010-05-01,4,0.08,20,125,125,29184,744,10.725204208,0.00180754100006,5.7268597483,7.10266967,-1.3758099217,16.0189817956,3.33246149084,0.844086021505,56.062192573,0,0.0453915499077,18
depth4_lr0p08_l220,depth4_lr0p08_l220_trees75,2010-06-01,4,0.08,20,125,75,29928,720,10.8216595,0.00283991699996,8.71895686979,13.70310638,-4.98414951021,25.4757850065,19.762100716,0.841666666667,80.5752686526,0,0.229180695847,2
depth4_lr0p08_l220,depth4_lr0p08_l220_trees100,2010-06-01,4,0.08,20,125,100,29928,720,10.8216595,0.00148670800002,8.35521787648,13.70310638,-5.34788850352,24.3580023017,18.3245975027,0.816666666667,76.3353196457,0,0.224116161616,42
depth4_lr0p08_l220,depth4_lr0p08_l220_trees125,2010-06-01,4,0.08,20,125,125,29928,720,10.8216595,0.00171445899991,9.05686885141,13.70310638,-4.64623752859,25.898027036,20.6871269906,0.718055555556,70.6258514036,0,0.257716049383,201
depth4_lr0p08_l220,depth4_lr0p08_l220_trees75,2010-07-01,4,0.08,20,125,75,30648,744,10.895795375,0.002113958,8.27093103859,10.77537067,-2.50443963141,23.0031494362,-5.47533598077,0.842741935484,88.121670735,0,0.046504833279,0
depth4_lr0p08_l220,depth4_lr0p08_l220_trees100,2010-07-01,4,0.08,20,125,100,30648,744,10.895795375,0.00167720900004,8.52851709573,10.77537067,-2.24685357427,23.4282644787,-9.44433371662,0.814516129032,85.2701271886,0,0.0869338546758,0
depth4_lr0p08_l220,depth4_lr0p08_l220_trees125,2010-07-01,4,0.08,20,125,125,30648,744,10.895795375,0.00184112500006,9.15332119408,10.77537067,-1.62204947592,24.8429815647,-12.9396158777,0.77688172043,80.3347688868,0,0.123889431954,5
depth4_lr0p08_l220,depth4_lr0p08_l220_trees75,2010-08-01,4,0.08,20,125,75,31392,744,10.994624792,0.00188770900002,6.07128921009,6.574447448,-0.503158237907,16.6214148353,-4.82226089646,0.962365591398,85.6355646293,0,0.0668078635821,0
depth4_lr0p08_l220,depth4_lr0p08_l220_trees100,2010-08-01,4,0.08,20,125,100,31392,744,10.994624792,0.00156154199999,6.02713992093,6.574447448,-0.547307527071,16.6539715016,-5.77588683902,0.965053763441,83.0664922815,0,0.0735652221136,0
depth4_lr0p08_l220,depth4_lr0p08_l220_trees125,2010-08-01,4,0.08,20,125,125,31392,744,10.994624792,0.00175849999994,6.00785903391,6.574447448,-0.56658841409,16.7573825632,-6.89139819851,0.966397849462,82.4598816776,0,0.082725100467,0
depth4_lr0p08_l220,depth4_lr0p08_l220_trees75,2010-09-01,4,0.08,20,125,75,32136,720,11.137412917,0.00157587499996,6.63920129998,7.706400278,-1.06719897802,18.351425442,8.71755121338,0.841666666667,62.4100365798,0,0.0855920314254,10
depth4_lr0p08_l220,depth4_lr0p08_l220_trees100,2010-09-01,4,0.08,20,125,100,32136,720,11.137412917,0.00154079100002,6.71408613969,7.706400278,-0.992314138313,18.5169731615,9.37981747237,0.819444444444,60.2104710321,0,0.0952805836139,39
depth4_lr0p08_l220,depth4_lr0p08_l220_trees125,2010-09-01,4,0.08,20,125,125,32136,720,11.137412917,0.00173899999993,6.59153846377,7.706400278,-1.11486181423,18.1560578967,8.66337055818,0.820833333333,59.3096847775,0,0.0898232323232,179
depth4_lr0p08_l220,depth4_lr0p08_l220_trees75,2010-10-01,4,0.08,20,125,75,32856,744,11.316469666,0.00168620800002,4.22996611481,3.510557406,0.719408708815,11.5688625783,-5.67067300267,0.907258064516,58.4257317709,0,0.149695883567,36
depth4_lr0p08_l220,depth4_lr0p08_l220_trees100,2010-10-01,4,0.08,20,125,100,32856,744,11.316469666,0.001513542,4.18252907124,3.510557406,0.671971665241,11.3940947477,-5.14612133035,0.866935483871,54.4812207067,0,0.15165091778,119
depth4_lr0p08_l220,depth4_lr0p08_l220_trees125,2010-10-01,4,0.08,20,125,125,32856,744,11.316469666,0.00173908300007,4.21473851441,3.510557406,0.704181108407,11.5589366856,-5.50284727821,0.852150537634,52.2091967622,0,0.163829151732,143
depth4_lr0p08_l220,depth4_lr0p08_l220_trees75,2010-11-01,4,0.08,20,125,75,33600,720,12.745400917,0.00455620899993,5.5008868914,5.645941032,-0.145054140603,15.1253778975,-0.146987227094,0.920833333333,77.3405858,0,0.0361503928171,0
depth4_lr0p08_l220,depth4_lr0p08_l220_trees100,2010-11-01,4,0.08,20,125,100,33600,720,12.745400917,0.00161887499996,5.53678292555,5.645941032,-0.109158106454,15.2148693049,-0.701143929487,0.904166666667,75.9680678337,0,0.0447951739618,26
depth4_lr0p08_l220,depth4_lr0p08_l220_trees125,2010-11-01,4,0.08,20,125,125,33600,720,12.745400917,0.001749292,5.53156152475,5.645941032,-0.114379507248,15.2155713844,-0.609375083498,0.898611111111,73.5629320283,0,0.0451879910213,25
depth4_lr0p08_l220,depth4_lr0p08_l220_trees75,2010-12-01,4,0.08,20,125,75,34320,744,12.006654916,0.00175358299998,17.7219882961,21.20801128,-3.48602298393,47.6864825128,44.5657785577,0.575268817204,96.7919470502,0,0.35128163354,0
depth4_lr0p08_l220,depth4_lr0p08_l220_trees100,2010-12-01,4,0.08,20,125,100,34320,744,12.006654916,0.00147249999998,17.9889984454,21.20801128,-3.21901283465,47.7012919739,44.5806126684,0.529569892473,92.9837298345,0,0.358697729988,0
depth4_lr0p08_l220,depth4_lr0p08_l220_trees125,2010-12-01,4,0.08,20,125,125,34320,744,12.006654916,0.00176295899996,17.9630310608,21.20801128,-3.24498021919,47.5353576426,44.3781345896,0.506720430108,90.5113728623,0,0.361523297491,0
depth4_lr0p08_l25,depth4_lr0p08_l25_trees75,2010-01-01,4,0.08,5,125,75,26304,744,10.210558708,0.00275416700003,16.5756466331,21.02048069,-4.44483405685,45.8459964406,11.5915252528,0.634408602151,106.182613836,0,0.10449114804,0
depth4_lr0p08_l25,depth4_lr0p08_l25_trees100,2010-01-01,4,0.08,5,125,100,26304,744,10.210558708,0.00156662500001,16.4939961765,21.02048069,-4.52648451346,45.8308682442,6.99517409216,0.637096774194,105.444986591,0,0.105452373194,1
depth4_lr0p08_l25,depth4_lr0p08_l25_trees125,2010-01-01,4,0.08,5,125,125,26304,744,10.210558708,0.00178391700001,16.553078326,21.02048069,-4.46740236395,45.7336295854,5.62118887898,0.619623655914,103.335576262,0,0.109717606169,0
depth4_lr0p08_l25,depth4_lr0p08_l25_trees75,2010-02-01,4,0.08,5,125,75,27048,672,9.737785041,0.00156937499997,9.22716921079,13.85334823,-4.62617901921,26.0677916512,17.4239193033,0.965773809524,121.033635826,0,0.131691919192,37
depth4_lr0p08_l25,depth4_lr0p08_l25_trees100,2010-02-01,4,0.08,5,125,100,27048,672,9.737785041,0.00160324999996,8.11930976209,13.85334823,-5.73403846791,22.0431611484,4.99326560413,0.943452380952,113.918922898,0,0.0732233044733,220
depth4_lr0p08_l25,depth4_lr0p08_l25_trees125,2010-02-01,4,0.08,5,125,125,27048,672,9.737785041,0.00199720900002,8.09331647171,13.85334823,-5.76003175829,21.994826146,2.4729256901,0.946428571429,113.309244851,0,0.0589754689755,307
depth4_lr0p08_l25,depth4_lr0p08_l25_trees75,2010-03-01,4,0.08,5,125,75,27720,744,10.077013125,0.00188904200002,8.11135997734,6.757414947,1.35394503034,22.5340821855,-9.93777713881,0.717741935484,87.8858666679,0,0.18701802976,67
depth4_lr0p08_l25,depth4_lr0p08_l25_trees100,2010-03-01,4,0.08,5,125,100,27720,744,10.077013125,0.00181733300002,7.93066117696,6.757414947,1.17324622996,21.6124294779,-7.6314680748,0.681451612903,85.726139545,0,0.180256869773,745
depth4_lr0p08_l25,depth4_lr0p08_l25_trees125,2010-03-01,4,0.08,5,125,125,27720,744,10.077013125,0.00184183300001,8.84237135586,6.757414947,2.08495640886,23.425495683,-12.1946382169,0.620967741935,83.8489904118,0,0.226987618117,2499
depth4_lr0p08_l25,depth4_lr0p08_l25_trees75,2010-04-01,4,0.08,5,125,75,28464,720,10.320845375,0.00163266599998,3.58412310669,3.642027459,-0.0579043523123,9.39549727325,0.00199935483601,0.904166666667,47.0176093742,0,0.0734511784512,554
depth4_lr0p08_l25,depth4_lr0p08_l25_trees100,2010-04-01,4,0.08,5,125,100,28464,720,10.320845375,0.00147487499999,3.56061913984,3.642027459,-0.081408319164,9.30111309704,0.328940603398,0.876388888889,46.6567184401,0,0.0709118967452,767
depth4_lr0p08_l25,depth4_lr0p08_l25_trees125,2010-04-01,4,0.08,5,125,125,28464,720,10.320845375,0.00190199999997,3.53030698413,3.642027459,-0.111720474867,9.2331173169,0.533885472452,0.863888888889,44.9474269958,0,0.0711223344557,961
depth4_lr0p08_l25,depth4_lr0p08_l25_trees75,2010-05-01,4,0.08,5,125,75,29184,744,11.241591,0.016571,5.81067713484,7.10266967,-1.29199253516,16.1853059374,3.67662673762,0.856182795699,57.8354835523,0,0.0361898555447,39
depth4_lr0p08_l25,depth4_lr0p08_l25_trees100,2010-05-01,4,0.08,5,125,100,29184,744,11.241591,0.00179720899996,5.80206606987,7.10266967,-1.30060360013,16.2557067536,3.13638514363,0.842741935484,55.9215687632,0,0.0451449983708,69
depth4_lr0p08_l25,depth4_lr0p08_l25_trees125,2010-05-01,4,0.08,5,125,125,29184,744,11.241591,0.00183679200006,5.82398922892,7.10266967,-1.27868044108,16.2749729785,2.46582250421,0.79435483871,52.1108262871,0,0.0672770717932,188
depth4_lr0p08_l25,depth4_lr0p08_l25_trees75,2010-06-01,4,0.08,5,125,75,29928,720,10.767941166,0.00158029200009,9.13090138546,13.70310638,-4.57220499454,26.4320056036,20.7493991326,0.825,81.5633789443,0,0.228549382716,0
depth4_lr0p08_l25,depth4_lr0p08_l25_trees100,2010-06-01,4,0.08,5,125,100,29928,720,10.767941166,0.00169079099999,9.45372629253,13.70310638,-4.24938008747,27.3289762407,22.6131578812,0.773611111111,78.0273329796,0,0.255864197531,1
depth4_lr0p08_l25,depth4_lr0p08_l25_trees125,2010-06-01,4,0.08,5,125,125,29928,720,10.767941166,0.001935,10.9625631179,13.70310638,-2.74054326213,30.0476419218,26.3789618222,0.608333333333,69.7747663975,0,0.308193041526,314
depth4_lr0p08_l25,depth4_lr0p08_l25_trees75,2010-07-01,4,0.08,5,125,75,30648,744,11.669167542,0.002893417,8.2376359057,10.77537067,-2.5377347643,22.9627152587,-3.94742666304,0.833333333333,87.294196127,0,0.0325241663951,0
depth4_lr0p08_l25,depth4_lr0p08_l25_trees100,2010-07-01,4,0.08,5,125,100,30648,744,11.669167542,0.00184704100002,8.30899144391,10.77537067,-2.46637922609,23.1147989475,-4.26581341875,0.818548387097,84.3098551864,0,0.0343515803193,0
depth4_lr0p08_l25,depth4_lr0p08_l25_trees125,2010-07-01,4,0.08,5,125,125,30648,744,11.669167542,0.00269829199999,8.60145858179,10.77537067,-2.17391208821,23.7191916314,-8.0975612577,0.784946236559,80.5376927675,0,0.0721586836103,0
depth4_lr0p08_l25,depth4_lr0p08_l25_trees75,2010-08-01,4,0.08,5,125,75,31392,744,11.245467875,0.00169129099993,5.93333793176,6.574447448,-0.641109516238,16.1284592724,-3.41966876862,0.95564516129,82.2735761423,0,0.0505224285869,0
depth4_lr0p08_l25,depth4_lr0p08_l25_trees100,2010-08-01,4,0.08,5,125,100,31392,744,11.245467875,0.00153875000001,5.77870556168,6.574447448,-0.795741886323,15.7707426639,-3.06256380799,0.94623655914,77.0680334091,0,0.039651352232,0
depth4_lr0p08_l25,depth4_lr0p08_l25_trees125,2010-08-01,4,0.08,5,125,125,31392,744,11.245467875,0.001853708,5.80191838796,6.574447448,-0.772529060037,15.982978509,-4.191674905,0.938172043011,75.2035635087,0,0.0469398283914,0
depth4_lr0p08_l25,depth4_lr0p08_l25_trees75,2010-09-01,4,0.08,5,125,75,32136,720,11.492810167,0.00283383400006,6.55585620584,7.706400278,-1.15054407216,18.158318308,7.82114780199,0.870833333333,65.7889169543,0,0.0727272727273,8
depth4_lr0p08_l25,depth4_lr0p08_l25_trees100,2010-09-01,4,0.08,5,125,100,32136,720,11.492810167,0.00167758399994,6.60508405593,7.706400278,-1.10131622207,18.2805054766,8.35476663472,0.848611111111,63.4409398936,0,0.0797502805836,55
depth4_lr0p08_l25,depth4_lr0p08_l25_trees125,2010-09-01,4,0.08,5,125,125,32136,720,11.492810167,0.001773125,6.66220301945,7.706400278,-1.04419725855,18.3902223492,9.21852071231,0.827777777778,60.7407131121,0,0.0950168350168,114
depth4_lr0p08_l25,depth4_lr0p08_l25_trees75,2010-10-01,4,0.08,5,125,75,32856,744,11.729440833,0.00187570800006,4.59009977289,3.510557406,1.07954236689,12.4385491296,-7.40509790173,0.856182795699,59.2628702576,0,0.192638753123,0
depth4_lr0p08_l25,depth4_lr0p08_l25_trees100,2010-10-01,4,0.08,5,125,100,32856,744,11.729440833,0.00155466699994,4.67803781046,3.510557406,1.16748040446,12.6425017939,-7.55481466861,0.819892473118,56.1879916922,0,0.202033778647,42
depth4_lr0p08_l25,depth4_lr0p08_l25_trees125,2010-10-01,4,0.08,5,125,125,32856,744,11.729440833,0.00177304199997,4.95491316747,3.510557406,1.44435576147,13.3696072969,-8.55677192472,0.766129032258,53.8246334445,0,0.221624850657,127
depth4_lr0p08_l25,depth4_lr0p08_l25_trees75,2010-11-01,4,0.08,5,125,75,33600,720,11.810977042,0.00154716700001,5.47530898769,5.645941032,-0.170632044306,15.0254954505,-0.164761494501,0.906944444444,75.7710294448,0,0.0377918069585,1
depth4_lr0p08_l25,depth4_lr0p08_l25_trees100,2010-11-01,4,0.08,5,125,100,33600,720,11.810977042,0.00147512500007,5.47187143836,5.645941032,-0.174069593636,15.0386316635,-0.495503630197,0.902777777778,73.4631886992,0,0.0448653198653,45
depth4_lr0p08_l25,depth4_lr0p08_l25_trees125,2010-11-01,4,0.08,5,125,125,33600,720,11.810977042,0.00168004099999,5.45477877234,5.645941032,-0.19116225966,15.0199115093,-1.04304061078,0.897222222222,71.526055372,0,0.0537317620651,52
depth4_lr0p08_l25,depth4_lr0p08_l25_trees75,2010-12-01,4,0.08,5,125,75,34320,744,12.295252417,0.00353779199997,17.7781324185,21.20801128,-3.42987886154,47.7644420694,44.6559369891,0.57123655914,96.2883983294,0,0.352327033779,0
depth4_lr0p08_l25,depth4_lr0p08_l25_trees100,2010-12-01,4,0.08,5,125,100,34320,744,12.295252417,0.0016837500001,18.21748906,21.20801128,-2.99052222,48.1144949199,45.062761737,0.520161290323,92.0582322941,0,0.361806777452,0
depth4_lr0p08_l25,depth4_lr0p08_l25_trees125,2010-12-01,4,0.08,5,125,125,34320,744,12.295252417,0.00189137500001,17.8786242678,21.20801128,-3.32938701221,47.0691699994,43.8455581774,0.512096774194,90.581649699,0,0.359239165852,0
depth5_lr0p08_l21,depth5_lr0p08_l21_trees75,2010-01-01,5,0.08,1,125,75,26304,744,10.919125834,0.00157862499998,16.9640811991,21.02048069,-4.05639949089,46.9734079709,10.2260200711,0.618279569892,103.986010766,0,0.112638753123,2
depth5_lr0p08_l21,depth5_lr0p08_l21_trees100,2010-01-01,5,0.08,1,125,100,26304,744,10.919125834,0.00167591600007,16.9869897224,21.02048069,-4.03349096762,46.8158276165,6.97830763114,0.600806451613,101.873056693,0,0.11761051374,19
depth5_lr0p08_l21,depth5_lr0p08_l21_trees125,2010-01-01,5,0.08,1,125,125,26304,744,10.919125834,0.00176854099993,17.2928340171,21.02048069,-3.72764667287,46.7268352731,5.69502888452,0.559139784946,94.6878627244,0,0.130589768654,108
depth5_lr0p08_l21,depth5_lr0p08_l21_trees75,2010-02-01,5,0.08,1,125,75,27048,672,10.974855,0.00182208299998,8.63449498324,13.85334823,-5.21885324676,25.8418839348,15.804753419,0.940476190476,111.368361491,0,0.0825721500722,513
depth5_lr0p08_l21,depth5_lr0p08_l21_trees100,2010-02-01,5,0.08,1,125,100,27048,672,10.974855,0.00144716699992,8.21789832759,13.85334823,-5.63544990241,23.8103887912,10.6494238947,0.909226190476,103.176936113,0,0.0487337662338,2115
depth5_lr0p08_l21,depth5_lr0p08_l21_trees125,2010-02-01,5,0.08,1,125,125,27048,672,10.974855,0.00163341699999,8.46823206718,13.85334823,-5.38511616282,22.2639798888,-1.87790515751,0.863095238095,96.8838027461,0,0.0803872053872,5210
depth5_lr0p08_l21,depth5_lr0p08_l21_trees75,2010-03-01,5,0.08,1,125,75,27720,744,11.150351834,0.00156099999992,7.90418835126,6.757414947,1.14677340426,21.9855981012,-9.18274997339,0.747311827957,86.7146464288,0,0.180284023026,282
depth5_lr0p08_l21,depth5_lr0p08_l21_trees100,2010-03-01,5,0.08,1,125,100,27720,744,11.150351834,0.00155799999993,8.15717338203,6.757414947,1.39975843503,21.756472608,-8.73308903736,0.614247311828,79.6559746803,0,0.200526773107,3350
depth5_lr0p08_l21,depth5_lr0p08_l21_trees125,2010-03-01,5,0.08,1,125,125,27720,744,11.150351834,0.00175387500008,9.03765050872,6.757414947,2.28023556172,23.1106317547,-14.0013822673,0.525537634409,73.7456241466,0,0.253719995655,5457
depth5_lr0p08_l21,depth5_lr0p08_l21_trees75,2010-04-01,5,0.08,1,125,75,28464,720,11.881744167,0.00262574999999,3.73954041974,3.642027459,0.0975129607385,10.1908297053,-1.9116746826,0.873611111111,48.5445975307,0,0.106815375982,357
depth5_lr0p08_l21,depth5_lr0p08_l21_trees100,2010-04-01,5,0.08,1,125,100,28464,720,11.881744167,0.00238708300003,3.76439791595,3.642027459,0.122370456954,10.3300400499,-2.27792561622,0.852777777778,48.1863847568,0,0.111778900112,715
depth5_lr0p08_l21,depth5_lr0p08_l21_trees125,2010-04-01,5,0.08,1,125,125,28464,720,11.881744167,0.001792916,3.81609651131,3.642027459,0.174069052311,10.5959004192,-2.84150593368,0.820833333333,45.6678098459,0,0.123409090909,1100
depth5_lr0p08_l21,depth5_lr0p08_l21_trees75,2010-05-01,5,0.08,1,125,75,29184,744,11.735855959,0.00155162500005,5.88098038932,7.10266967,-1.22168928068,16.528461595,2.81376995325,0.844086021505,57.1721488004,0,0.0595427392202,195
depth5_lr0p08_l21,depth5_lr0p08_l21_trees100,2010-05-01,5,0.08,1,125,100,29184,744,11.735855959,0.0015108340001,5.84365069754,7.10266967,-1.25901897246,16.193353646,3.46224245653,0.82123655914,55.0294342946,0,0.0605979146302,879
depth5_lr0p08_l21,depth5_lr0p08_l21_trees125,2010-05-01,5,0.08,1,125,125,29184,744,11.735855959,0.00173754100001,5.87638538142,7.10266967,-1.22628428858,16.3423963605,3.17334495117,0.810483870968,53.5952485083,0,0.0689611165418,1102
depth5_lr0p08_l21,depth5_lr0p08_l21_trees75,2010-06-01,5,0.08,1,125,75,29928,720,12.072030417,0.00187804200004,9.01170285358,13.70310638,-4.69140352642,25.9487456301,19.9758741956,0.734722222222,74.8376952928,0,0.250154320988,632
depth5_lr0p08_l21,depth5_lr0p08_l21_trees100,2010-06-01,5,0.08,1,125,100,29928,720,12.072030417,0.00154541699999,9.45031212308,13.70310638,-4.25279425692,26.4325584876,20.8421611186,0.645833333333,69.316349033,0,0.273035914703,1696
depth5_lr0p08_l21,depth5_lr0p08_l21_trees125,2010-06-01,5,0.08,1,125,125,29928,720,12.072030417,0.00173491700002,10.1722173801,13.70310638,-3.53088899987,27.6175230286,22.6131314411,0.5375,62.9058603807,0,0.302497194164,3049
depth5_lr0p08_l21,depth5_lr0p08_l21_trees75,2010-07-01,5,0.08,1,125,75,30648,744,12.412341,0.00163887500003,8.55645849975,10.77537067,-2.21891217025,23.5293222904,-9.14965797914,0.786290322581,80.8245064813,0,0.0817166286521,0
depth5_lr0p08_l21,depth5_lr0p08_l21_trees100,2010-07-01,5,0.08,1,125,100,30648,744,12.412341,0.00164158400003,8.81544972638,10.77537067,-1.95992094362,23.969442799,-11.8949526436,0.768817204301,77.184031374,0,0.112236884979,17
depth5_lr0p08_l21,depth5_lr0p08_l21_trees125,2010-07-01,5,0.08,1,125,125,30648,744,12.412341,0.00181870799997,8.94281463236,10.77537067,-1.83255603764,24.2524990461,-13.0956207445,0.76747311828,75.9396009752,0,0.125243293147,137
depth5_lr0p08_l21,depth5_lr0p08_l21_trees75,2010-08-01,5,0.08,1,125,75,31392,744,13.16498775,0.0113405,5.83000980518,6.574447448,-0.744437642821,15.8030916777,-1.49865248322,0.961021505376,83.1903655791,0,0.0449875095036,0
depth5_lr0p08_l21,depth5_lr0p08_l21_trees100,2010-08-01,5,0.08,1,125,100,31392,744,13.16498775,0.00158412499991,5.77631134813,6.574447448,-0.798136099872,15.7338305084,-1.46232219728,0.952956989247,79.5539553324,0,0.0367665906376,0
depth5_lr0p08_l21,depth5_lr0p08_l21_trees125,2010-08-01,5,0.08,1,125,125,31392,744,13.16498775,0.00211345800005,5.82720260508,6.574447448,-0.747244842919,15.9934777025,-2.52207657897,0.947580645161,78.0539139601,0,0.0352052785924,0
depth5_lr0p08_l21,depth5_lr0p08_l21_trees75,2010-09-01,5,0.08,1,125,75,32136,720,13.689601625,0.00617533299999,6.38926071794,7.706400278,-1.31713956006,17.6028823933,5.22475230138,0.815277777778,59.7840972843,0,0.0321015712682,312
depth5_lr0p08_l21,depth5_lr0p08_l21_trees100,2010-09-01,5,0.08,1,125,100,32136,720,13.689601625,0.00209208399997,6.42032886638,7.706400278,-1.28607141162,17.6300776028,6.08648854586,0.773611111111,55.6560351781,0,0.0497811447811,754
depth5_lr0p08_l21,depth5_lr0p08_l21_trees125,2010-09-01,5,0.08,1,125,125,32136,720,13.689601625,0.00222858299992,6.44221812653,7.706400278,-1.26418215147,17.766334776,7.97203063615,0.748611111111,52.1460543148,0,0.0768069584736,1958
depth5_lr0p08_l21,depth5_lr0p08_l21_trees75,2010-10-01,5,0.08,1,125,75,32856,744,13.830234459,0.00273912500006,4.48250815962,3.510557406,0.971950753618,11.997087236,-6.61118132257,0.819892473118,55.4671221132,0,0.186814380363,8
depth5_lr0p08_l21,depth5_lr0p08_l21_trees100,2010-10-01,5,0.08,1,125,100,32856,744,13.830234459,0.00159787500002,4.63823985963,3.510557406,1.12768245363,12.412497361,-7.15645568861,0.770161290323,51.2359066835,0,0.202373194309,123
depth5_lr0p08_l21,depth5_lr0p08_l21_trees125,2010-10-01,5,0.08,1,125,125,32856,744,13.830234459,0.00177424999993,4.71966465752,3.510557406,1.20910725152,12.5515284754,-7.24901344179,0.735215053763,48.2584336266,0,0.207993917671,441
depth5_lr0p08_l21,depth5_lr0p08_l21_trees75,2010-11-01,5,0.08,1,125,75,33600,720,13.940425375,0.00195633299995,6.08351024456,5.645941032,0.437569212559,16.4436496122,-6.06118365535,0.815277777778,76.3863014071,0,0.116386083053,66
depth5_lr0p08_l21,depth5_lr0p08_l21_trees100,2010-11-01,5,0.08,1,125,100,33600,720,13.940425375,0.00148104200002,6.10683140259,5.645941032,0.460890370593,16.5294935751,-6.06812953881,0.8,73.6415242673,0,0.120833333333,129
depth5_lr0p08_l21,depth5_lr0p08_l21_trees125,2010-11-01,5,0.08,1,125,125,33600,720,13.940425375,0.00175720800007,6.13857179534,5.645941032,0.492630763338,16.6288722423,-6.30503455541,0.794444444444,72.3226295271,0,0.125,144
depth5_lr0p08_l21,depth5_lr0p08_l21_trees75,2010-12-01,5,0.08,1,125,75,34320,744,14.153283333,0.00188816699995,19.2195818269,21.20801128,-1.98842945311,49.6817051585,46.8043620187,0.466397849462,88.4206314704,0,0.374294015423,0
depth5_lr0p08_l21,depth5_lr0p08_l21_trees100,2010-12-01,5,0.08,1,125,100,34320,744,14.153283333,0.00168583300001,20.1813063046,21.20801128,-1.02670497537,50.7761125522,48.0755028735,0.364247311828,80.4394646881,0,0.391799174541,8
depth5_lr0p08_l21,depth5_lr0p08_l21_trees125,2010-12-01,5,0.08,1,125,125,34320,744,14.153283333,0.002134125,20.1113756203,21.20801128,-1.09663565969,49.9964677102,47.1538240666,0.342741935484,77.0159665179,0,0.392450852612,51
depth5_lr0p08_l220,depth5_lr0p08_l220_trees75,2010-01-01,5,0.08,20,125,75,26304,744,10.77210575,0.0015861249999,16.5068807642,21.02048069,-4.5135999258,46.3245794747,10.8833749884,0.661290322581,109.939667598,0,0.0983137829912,2
depth5_lr0p08_l220,depth5_lr0p08_l220_trees100,2010-01-01,5,0.08,20,125,100,26304,744,10.77210575,0.00157541699991,16.5744895737,21.02048069,-4.4459911163,46.4104157482,7.35950915655,0.634408602151,107.242462588,0,0.105201477137,7
depth5_lr0p08_l220,depth5_lr0p08_l220_trees125,2010-01-01,5,0.08,20,125,125,26304,744,10.77210575,0.00178795800002,16.8788532331,21.02048069,-4.14162745693,46.7849762665,5.73629484391,0.610215053763,102.611572124,0,0.116054632345,18
depth5_lr0p08_l220,depth5_lr0p08_l220_trees75,2010-02-01,5,0.08,20,125,75,27048,672,10.926816875,0.00161175000017,8.51061767561,13.85334823,-5.34273055439,23.4359471851,10.7998356082,0.947916666667,114.310154863,0,0.0873340548341,46
depth5_lr0p08_l220,depth5_lr0p08_l220_trees100,2010-02-01,5,0.08,20,125,100,27048,672,10.926816875,0.0014376659999,8.06507265951,13.85334823,-5.78827557049,22.0451110413,6.04242966099,0.928571428571,108.911106775,0,0.0513323713324,470
depth5_lr0p08_l220,depth5_lr0p08_l220_trees125,2010-02-01,5,0.08,20,125,125,27048,672,10.926816875,0.00163341699999,8.17105400155,13.85334823,-5.68229422845,21.9126336283,-3.34840522387,0.904761904762,106.381450217,0,0.0567821067821,897
depth5_lr0p08_l220,depth5_lr0p08_l220_trees75,2010-03-01,5,0.08,20,125,75,27720,744,11.395377375,0.00381937500015,8.60706128741,6.757414947,1.84964634041,23.5646569932,-12.2575177574,0.682795698925,86.136413549,0,0.209256543934,191
depth5_lr0p08_l220,depth5_lr0p08_l220_trees100,2010-03-01,5,0.08,20,125,100,27720,744,11.395377375,0.00264941699993,8.86279913397,6.757414947,2.10538418697,23.7046584862,-12.8550649587,0.631720430108,83.4197736,0,0.223525578364,685
depth5_lr0p08_l220,depth5_lr0p08_l220_trees125,2010-03-01,5,0.08,20,125,125,27720,744,11.395377375,0.00206179199995,10.6065965039,6.757414947,3.84918155688,26.7881809175,-19.1225041586,0.533602150538,80.0294465077,0,0.280425219941,2104
depth5_lr0p08_l220,depth5_lr0p08_l220_trees75,2010-04-01,5,0.08,20,125,75,28464,720,12.163464084,0.00829595799996,3.82469290531,3.642027459,0.182665446307,10.4622759996,-2.38186605061,0.866666666667,49.0827633273,0,0.117702020202,336
depth5_lr0p08_l220,depth5_lr0p08_l220_trees100,2010-04-01,5,0.08,20,125,100,28464,720,12.163464084,0.00180808300001,3.78865329893,3.642027459,0.146625839928,10.396740869,-2.09025201762,0.841666666667,46.9854168888,0,0.11093714927,613
depth5_lr0p08_l220,depth5_lr0p08_l220_trees125,2010-04-01,5,0.08,20,125,125,28464,720,12.163464084,0.00173270799996,3.86202524665,3.642027459,0.219997787652,10.6299296685,-2.83584180453,0.806944444444,45.3416977623,0,0.130751964085,1075
depth5_lr0p08_l220,depth5_lr0p08_l220_trees75,2010-05-01,5,0.08,20,125,75,29184,744,11.845308459,0.00154887500003,5.8280584969,7.10266967,-1.2746111731,16.400301181,3.14208554932,0.870967741935,59.7496578005,0,0.040321494515,95
depth5_lr0p08_l220,depth5_lr0p08_l220_trees100,2010-05-01,5,0.08,20,125,100,29184,744,11.845308459,0.00153116699994,6.01644903605,7.10266967,-1.08622063395,16.980282948,1.78560323309,0.772849462366,54.8230059302,0,0.0811545563158,730
depth5_lr0p08_l220,depth5_lr0p08_l220_trees125,2010-05-01,5,0.08,20,125,125,29184,744,11.845308459,0.0017908750001,6.10913252898,7.10266967,-0.993537141019,17.2990789944,0.977840832378,0.758064516129,53.677876,0,0.094477028348,842
depth5_lr0p08_l220,depth5_lr0p08_l220_trees75,2010-06-01,5,0.08,20,125,75,29928,720,12.015689875,0.00188320799998,9.06314279146,13.70310638,-4.63996358854,26.0213070868,20.3545690669,0.776388888889,77.0655924109,0,0.252525252525,25
depth5_lr0p08_l220,depth5_lr0p08_l220_trees100,2010-06-01,5,0.08,20,125,100,29928,720,12.015689875,0.00153154199984,9.40704729527,13.70310638,-4.29605908473,26.3788233379,21.0673188558,0.669444444444,69.7535518088,0,0.279124579125,287
depth5_lr0p08_l220,depth5_lr0p08_l220_trees125,2010-06-01,5,0.08,20,125,125,29928,720,12.015689875,0.00196066700005,9.59020403978,13.70310638,-4.11290234022,25.7869238622,20.8346003538,0.563888888889,61.2462519119,0,0.304363075196,1919
depth5_lr0p08_l220,depth5_lr0p08_l220_trees75,2010-07-01,5,0.08,20,125,75,30648,744,12.210357292,0.00157670800013,8.46856630847,10.77537067,-2.30680436153,23.4576070764,-8.75323368554,0.788978494624,81.3683002233,0,0.070779841425,0
depth5_lr0p08_l220,depth5_lr0p08_l220_trees100,2010-07-01,5,0.08,20,125,100,30648,744,12.210357292,0.00153058299998,8.90930259382,10.77537067,-1.86606807618,24.4319707898,-13.7307073711,0.784946236559,80.348189204,0,0.120375257956,23
depth5_lr0p08_l220,depth5_lr0p08_l220_trees125,2010-07-01,5,0.08,20,125,125,30648,744,12.210357292,0.00179054199998,9.29151892067,10.77537067,-1.48385174933,25.4877530742,-16.0057260014,0.775537634409,77.7687730807,0,0.144894645379,270
depth5_lr0p08_l220,depth5_lr0p08_l220_trees75,2010-08-01,5,0.08,20,125,75,31392,744,12.483203375,0.00164420800002,5.90576239096,6.574447448,-0.668685057044,16.00428588,-1.28462315128,0.954301075269,82.1684426448,0,0.0408059085478,0
depth5_lr0p08_l220,depth5_lr0p08_l220_trees100,2010-08-01,5,0.08,20,125,100,31392,744,12.483203375,0.00177558399992,5.77282042585,6.574447448,-0.801627022153,15.7262872903,-1.52973244643,0.947580645161,77.2502321044,0,0.0312229825133,0
depth5_lr0p08_l220,depth5_lr0p08_l220_trees125,2010-08-01,5,0.08,20,125,125,31392,744,12.483203375,0.001826833,5.77437153062,6.574447448,-0.80007591738,15.7628129463,-1.91356775919,0.94623655914,75.5174550429,0,0.0288139459107,11
depth5_lr0p08_l220,depth5_lr0p08_l220_trees75,2010-09-01,5,0.08,20,125,75,32136,720,13.486958875,0.00345312500008,6.3629805103,7.706400278,-1.3434197677,17.5769616193,5.65767983788,0.854166666667,62.5888283567,0,0.0446268237935,1
depth5_lr0p08_l220,depth5_lr0p08_l220_trees100,2010-09-01,5,0.08,20,125,100,32136,720,13.486958875,0.00194458300007,6.44209122979,7.706400278,-1.26430904821,17.7867092493,6.74426569397,0.818055555556,59.2341996433,0,0.0584455667789,120
depth5_lr0p08_l220,depth5_lr0p08_l220_trees125,2010-09-01,5,0.08,20,125,125,32136,720,13.486958875,0.00183466700014,6.47240711322,7.706400278,-1.23399316478,17.8899319422,7.0882864843,0.794444444444,57.0567755882,0,0.0646324354658,281
depth5_lr0p08_l220,depth5_lr0p08_l220_trees75,2010-10-01,5,0.08,20,125,75,32856,744,12.96885075,0.00161354099987,4.06120033401,3.510557406,0.550642928008,10.8487718324,-4.3021789768,0.854838709677,51.9315620317,0,0.143735744542,50
depth5_lr0p08_l220,depth5_lr0p08_l220_trees100,2010-10-01,5,0.08,20,125,100,32856,744,12.96885075,0.00152400000002,4.19574300819,3.510557406,0.685185602187,11.1568428884,-4.61308972069,0.802419354839,48.5315858757,0,0.1545834691,232
depth5_lr0p08_l220,depth5_lr0p08_l220_trees125,2010-10-01,5,0.08,20,125,125,32856,744,12.96885075,0.00173758300002,4.22989443697,3.510557406,0.719337030966,11.2166471571,-4.66719422454,0.786290322581,46.3939806743,0,0.161643314869,546
depth5_lr0p08_l220,depth5_lr0p08_l220_trees75,2010-11-01,5,0.08,20,125,75,33600,720,13.51741325,0.00457749999987,6.01859566671,5.645941032,0.372654634709,16.3748998143,-6.07087860734,0.806944444444,72.6125699451,0,0.123765432099,12
depth5_lr0p08_l220,depth5_lr0p08_l220_trees100,2010-11-01,5,0.08,20,125,100,33600,720,13.51741325,0.00185583299981,6.18461028635,5.645941032,0.538669254349,17.0234673785,-6.51470549185,0.777777777778,68.1506955465,0,0.127974186308,39
depth5_lr0p08_l220,depth5_lr0p08_l220_trees125,2010-11-01,5,0.08,20,125,125,33600,720,13.51741325,0.00202533400011,6.1849669564,5.645941032,0.539025924398,17.044566459,-6.63251616012,0.775,66.4355893309,0,0.129517396184,44
depth5_lr0p08_l220,depth5_lr0p08_l220_trees75,2010-12-01,5,0.08,20,125,75,34320,744,13.6009865,0.00162450000016,19.9535469818,21.20801128,-1.25446429819,50.9992014763,48.3376961755,0.385752688172,83.6268509965,0,0.389689909851,0
depth5_lr0p08_l220,depth5_lr0p08_l220_trees100,2010-12-01,5,0.08,20,125,100,34320,744,13.6009865,0.00156629200001,20.1013130886,21.20801128,-1.10669819141,51.6232590069,48.9722323521,0.375,82.7023607064,0,0.390898229608,0
depth5_lr0p08_l220,depth5_lr0p08_l220_trees125,2010-12-01,5,0.08,20,125,125,34320,744,13.6009865,0.00177570799997,20.6260450984,21.20801128,-0.581966181604,51.8121185669,49.0950187399,0.336021505376,79.6005358393,0,0.397569240795,7
depth5_lr0p08_l25,depth5_lr0p08_l25_trees75,2010-01-01,5,0.08,5,125,75,26304,744,11.829216208,0.00280966600008,16.9640811991,21.02048069,-4.05639949089,46.9734079709,10.2260200711,0.618279569892,103.986010766,0,0.112638753123,2
depth5_lr0p08_l25,depth5_lr0p08_l25_trees100,2010-01-01,5,0.08,5,125,100,26304,744,11.829216208,0.00176629199996,17.4439531171,21.02048069,-3.57652757292,48.2709505234,6.72614093467,0.595430107527,103.003389687,0,0.121737808189,18
depth5_lr0p08_l25,depth5_lr0p08_l25_trees125,2010-01-01,5,0.08,5,125,125,26304,744,11.829216208,0.00200125000003,17.3241116893,21.02048069,-3.69636900075,47.7170944667,5.52624144409,0.588709677419,101.582100315,0,0.122873357228,54
depth5_lr0p08_l25,depth5_lr0p08_l25_trees75,2010-02-01,5,0.08,5,125,75,27048,672,10.981403959,0.001788917,7.75329371375,13.85334823,-6.10005451625,21.1012035213,4.08044035585,0.94494047619,107.521197452,0,0.0539682539683,237
depth5_lr0p08_l25,depth5_lr0p08_l25_trees100,2010-02-01,5,0.08,5,125,100,27048,672,10.981403959,0.00144450000005,7.72101297016,13.85334823,-6.13233525984,20.933614001,4.00527862024,0.941964285714,108.596564719,0,0.0542760942761,588
depth5_lr0p08_l25,depth5_lr0p08_l25_trees125,2010-02-01,5,0.08,5,125,125,27048,672,10.981403959,0.00170249999996,7.74475142636,13.85334823,-6.10859680364,20.7183136302,-2.6713973054,0.919642857143,102.880679033,0,0.0514381914382,931
depth5_lr0p08_l25,depth5_lr0p08_l25_trees75,2010-03-01,5,0.08,5,125,75,27720,744,11.062529542,0.00163766699995,8.45520965565,6.757414947,1.69779470865,23.5059112483,-12.2168219888,0.745967741935,90.9070118807,0,0.202359617682,105
depth5_lr0p08_l25,depth5_lr0p08_l25_trees100,2010-03-01,5,0.08,5,125,100,27720,744,11.062529542,0.00153245800004,8.98949416418,6.757414947,2.23207921718,24.4701035991,-14.1338448325,0.663978494624,89.6311448646,0,0.227041924623,305
depth5_lr0p08_l25,depth5_lr0p08_l25_trees125,2010-03-01,5,0.08,5,125,125,27720,744,11.062529542,0.00173704099996,9.90929854966,6.757414947,3.15188360266,26.7317520745,-18.2234955095,0.599462365591,87.5915907681,0,0.25821385902,528
depth5_lr0p08_l25,depth5_lr0p08_l25_trees75,2010-04-01,5,0.08,5,125,75,28464,720,11.546865959,0.00278041700005,3.72024544204,3.642027459,0.0782179830427,10.0042400424,-1.4043030821,0.877777777778,48.3454374572,0,0.0991835016835,285
depth5_lr0p08_l25,depth5_lr0p08_l25_trees100,2010-04-01,5,0.08,5,125,100,28464,720,11.546865959,0.00153104100002,3.68348971209,3.642027459,0.0414622530921,9.90683087689,-1.1966890972,0.855555555556,47.2744485577,0,0.102424242424,490
depth5_lr0p08_l25,depth5_lr0p08_l25_trees125,2010-04-01,5,0.08,5,125,125,28464,720,11.546865959,0.00176958300005,3.76060482294,3.642027459,0.118577363944,10.1457070738,-1.97839506537,0.818055555556,47.0989430645,0,0.117673961841,713
depth5_lr0p08_l25,depth5_lr0p08_l25_trees75,2010-05-01,5,0.08,5,125,75,29184,744,11.846841,0.00178520899999,5.88098038932,7.10266967,-1.22168928068,16.528461595,2.81376995325,0.844086021505,57.1721488004,0,0.0595427392202,195
depth5_lr0p08_l25,depth5_lr0p08_l25_trees100,2010-05-01,5,0.08,5,125,100,29184,744,11.846841,0.00177512499999,5.8949451714,7.10266967,-1.2077244986,16.2902207259,3.47355731126,0.795698924731,54.6025108707,0,0.073688497882,1298
depth5_lr0p08_l25,depth5_lr0p08_l25_trees125,2010-05-01,5,0.08,5,125,125,29184,744,11.846841,0.00192433300003,6.00383763955,7.10266967,-1.09883203045,16.5273937925,2.98105907716,0.724462365591,51.9313519044,0,0.0948001520582,2109
depth5_lr0p08_l25,depth5_lr0p08_l25_trees75,2010-06-01,5,0.08,5,125,75,29928,720,12.21329425,0.00187241599997,10.1503716371,13.70310638,-3.55273474295,28.6283076784,23.5424342043,0.7,76.9693801009,0,0.272488776655,22
depth5_lr0p08_l25,depth5_lr0p08_l25_trees100,2010-06-01,5,0.08,5,125,100,29928,720,12.21329425,0.001535375,11.2771978484,13.70310638,-2.42590853161,30.3449331156,26.1390568243,0.518055555556,65.1208532215,0,0.320244107744,1069
depth5_lr0p08_l25,depth5_lr0p08_l25_trees125,2010-06-01,5,0.08,5,125,125,29928,720,12.21329425,0.00205783399997,12.1407883124,13.70310638,-1.56231806763,31.4072026837,27.8404610445,0.433333333333,58.739012984,0,0.345089786756,2451
depth5_lr0p08_l25,depth5_lr0p08_l25_trees75,2010-07-01,5,0.08,5,125,75,30648,744,13.037364625,0.00277712500008,9.44117643629,10.77537067,-1.33419423371,25.6393257827,-15.8054158607,0.768817204301,78.3525952988,0,0.149551428261,0
depth5_lr0p08_l25,depth5_lr0p08_l25_trees100,2010-07-01,5,0.08,5,125,100,30648,744,13.037364625,0.005286834,9.98076913033,10.77537067,-0.794601539667,26.916058374,-18.1196747378,0.733870967742,75.2043503816,0,0.175034756164,10
depth5_lr0p08_l25,depth5_lr0p08_l25_trees125,2010-07-01,5,0.08,5,125,125,30648,744,13.037364625,0.00186512499999,10.4589799229,10.77537067,-0.316390747103,27.9477278663,-20.1171898023,0.725806451613,74.1578193583,0,0.19857662648,268
depth5_lr0p08_l25,depth5_lr0p08_l25_trees75,2010-08-01,5,0.08,5,125,75,31392,744,12.494678667,0.00155425000003,5.85050934502,6.574447448,-0.72393810298,15.8386578577,-0.915077760126,0.958333333333,82.9228821745,0,0.0424133811231,0
depth5_lr0p08_l25,depth5_lr0p08_l25_trees100,2010-08-01,5,0.08,5,125,100,31392,744,12.494678667,0.00150300000007,5.74610349445,6.574447448,-0.828343953547,15.6350571386,-0.706881623349,0.954301075269,78.8709784943,0,0.0346198544586,0
depth5_lr0p08_l25,depth5_lr0p08_l25_trees125,2010-08-01,5,0.08,5,125,125,31392,744,12.494678667,0.00179108299994,5.71371235925,6.574447448,-0.860735088751,15.6632047566,0.0263398734362,0.951612903226,76.6744279816,0,0.0317030520256,28
depth5_lr0p08_l25,depth5_lr0p08_l25_trees75,2010-09-01,5,0.08,5,125,75,32136,720,12.837304333,0.00157845800004,6.43404254538,7.706400278,-1.27235773262,17.7794271477,6.18180604086,0.855555555556,62.3407503758,0,0.0505808080808,0
depth5_lr0p08_l25,depth5_lr0p08_l25_trees100,2010-09-01,5,0.08,5,125,100,32136,720,12.837304333,0.00163287500004,6.51332005682,7.706400278,-1.19308022118,17.9371319184,7.40535926503,0.825,58.2988799574,0,0.0712654320988,9
depth5_lr0p08_l25,depth5_lr0p08_l25_trees125,2010-09-01,5,0.08,5,125,125,32136,720,12.837304333,0.00187037500007,6.57497340749,7.706400278,-1.13142687051,18.200002159,7.45117452897,0.819444444444,57.3725418519,0,0.0738439955107,60
depth5_lr0p08_l25,depth5_lr0p08_l25_trees75,2010-10-01,5,0.08,5,125,75,32856,744,13.070259417,0.00260266700002,4.46390513897,3.510557406,0.953347732967,11.9635596015,-6.5769746757,0.823924731183,55.3254171208,0,0.185755403497,7
depth5_lr0p08_l25,depth5_lr0p08_l25_trees100,2010-10-01,5,0.08,5,125,100,32856,744,13.070259417,0.00155491700002,4.48718545413,3.510557406,0.976628048128,12.0227873362,-6.29605597907,0.787634408602,51.6325824611,0,0.184750733138,124
depth5_lr0p08_l25,depth5_lr0p08_l25_trees125,2010-10-01,5,0.08,5,125,125,32856,744,13.070259417,0.00199270799999,4.73917252885,3.510557406,1.22861512285,12.7739034338,-7.58709689188,0.725806451613,48.3905306997,0,0.214307048984,294
depth5_lr0p08_l25,depth5_lr0p08_l25_trees75,2010-11-01,5,0.08,5,125,75,33600,720,14.050311,0.0146098749999,5.88771522715,5.645941032,0.241774195153,16.0995200398,-4.01151530871,0.820833333333,73.0783432228,0,0.0970258136925,25
depth5_lr0p08_l25,depth5_lr0p08_l25_trees100,2010-11-01,5,0.08,5,125,100,33600,720,14.050311,0.00184829199998,5.92710485581,5.645941032,0.281163823814,16.2293229,-4.23174586743,0.798611111111,70.0383812963,0,0.103661616162,53
depth5_lr0p08_l25,depth5_lr0p08_l25_trees125,2010-11-01,5,0.08,5,125,125,33600,720,14.050311,0.00196187500001,5.87426905381,5.645941032,0.228328021809,16.1600118729,-3.8809445088,0.8,66.9689329384,0,0.100028058361,124
depth5_lr0p08_l25,depth5_lr0p08_l25_trees75,2010-12-01,5,0.08,5,125,75,34320,744,13.617330666,0.00171683300005,17.9970536166,21.20801128,-3.21095766336,47.7198639844,44.5169414264,0.516129032258,88.3737632025,0,0.36018790051,0
depth5_lr0p08_l25,depth5_lr0p08_l25_trees100,2010-12-01,5,0.08,5,125,100,34320,744,13.617330666,0.00165029099981,18.4280059768,21.20801128,-2.78000530323,48.1601263915,45.0928256795,0.471774193548,84.6849475565,0,0.369995112414,0
depth5_lr0p08_l25,depth5_lr0p08_l25_trees125,2010-12-01,5,0.08,5,125,125,34320,744,13.617330666,0.00183608399993,17.5213686316,21.20801128,-3.68664264845,45.439601057,41.9590953187,0.450268817204,79.5100281288,0,0.363424025198,2
